date, pm25, pm10, o3, no2, so2, co, psi
2020/9/1, 51, 26, 12, , 2, 3, 
2020/9/2, 47, 24, 7, , 3, 4, 
2020/9/3, 41, 21, 6, , 2, 3, 
2020/9/4, 31, 21, 2, , 2, 5, 
2020/9/5, 59, , , , , , 
2020/8/1, 65, 27, 23, , 1, 4, 
2020/8/2, 72, 24, 20, , 2, , 
2020/8/3, 61, 19, 7, , 4, , 
2020/8/4, 42, 15, 12, , 4, , 
2020/8/5, 39, 16, 11, , 1, , 
2020/8/6, 46, 19, 15, , 2, , 
2020/8/7, 55, 19, 15, , 2, 4, 
2020/8/8, 51, 21, 15, , 2, 4, 
2020/8/9, 59, 24, 18, , 1, 4, 
2020/8/10, 68, 26, 17, , 1, 4, 
2020/8/11, 73, 27, 11, , 1, 4, 
2020/8/12, 57, 20, 12, , 2, 4, 
2020/8/13, 48, 17, 6, , 2, 4, 
2020/8/14, 48, 20, 14, , 2, 6, 
2020/8/15, 57, 18, 15, , 3, 4, 
2020/8/16, 46, 16, 8, , 2, 5, 
2020/8/17, 37, 17, 10, , 3, 4, 
2020/8/18, 47, 18, 8, , 2, 4, 
2020/8/19, 44, 18, 9, , 2, 4, 
2020/8/20, 48, 18, 17, , 2, 4, 
2020/8/21, 47, 22, 14, , 2, 4, 
2020/8/22, 48, 22, 4, , 3, 5, 
2020/8/23, 47, 19, 15, , 2, 6, 
2020/8/24, 39, 19, 9, , 1, 5, 
2020/8/25, 34, 19, 10, , 1, 3, 
2020/8/26, 32, 20, 13, , 1, 3, 
2020/8/27, 43, 22, 15, , 1, 3, 
2020/8/28, 52, 23, 9, , 1, 5, 
2020/8/29, 52, 21, 13, , 2, 4, 
2020/8/30, 41, 21, 14, , 2, 4, 
2020/8/31, 48, 24, 11, , , , 
2020/7/1, 37, 24, 13, , 2, 3, 
2020/7/2, 30, 20, 12, , 3, 4, 
2020/7/3, 27, 21, 12, , 3, 3, 
2020/7/4, 27, 23, 15, , 3, 3, 
2020/7/5, 34, 23, 13, , 3, 3, 
2020/7/6, 34, 23, 8, , 3, 4, 
2020/7/7, 28, 25, 6, , 6, 4, 
2020/7/8, 37, 25, 4, , 10, 3, 
2020/7/9, 30, 24, 11, , 5, 3, 
2020/7/10, 35, 26, 7, , 3, 4, 
2020/7/11, 36, 28, 10, , 3, 4, 
2020/7/12, 34, 25, 6, , 3, 3, 
2020/7/13, 27, 23, 7, , 4, 3, 
2020/7/14, 30, 23, 6, , 3, , 
2020/7/15, 28, 24, 11, , 4, 4, 
2020/7/16, 31, 24, 11, , 4, 4, 
2020/7/17, 26, 23, 7, , 4, 4, 
2020/7/18, 30, 28, 12, , 4, 5, 
2020/7/19, 38, 23, 12, , 3, 3, 
2020/7/20, 27, 23, 14, , 2, 4, 
2020/7/21, 31, 24, 8, , 3, , 
2020/7/22, 31, 26, 8, , 2, 4, 
2020/7/23, 35, 25, 8, , 2, 3, 
2020/7/24, 36, 17, 7, , 3, 3, 
2020/7/25, 35, 17, 13, , 2, 3, 
2020/7/26, 49, 21, 12, , 2, 4, 
2020/7/27, 51, 18, 12, , 2, 3, 
2020/7/28, 50, 22, 8, , 2, 4, 
2020/7/29, 56, 27, 13, , 2, 5, 
2020/7/30, 67, 23, 16, , 2, 4, 
2020/7/31, 61, 24, 19, , 3, 4, 
2020/6/1, 41, 21, 17, , 3, 5, 
2020/6/2, 28, 19, 12, , 4, 5, 
2020/6/3, 29, 19, 10, , 4, 5, 
2020/6/4, 24, 19, 9, , 4, 4, 
2020/6/5, 27, 21, 10, , 3, 4, 
2020/6/6, 40, 28, 13, , 4, 4, 
2020/6/7, 45, 25, 30, , 5, , 
2020/6/8, 43, 24, 14, , 4, , 
2020/6/9, 34, 24, 15, , 4, , 
2020/6/10, 31, 25, 13, , 4, 4, 
2020/6/11, 32, 25, 7, , 4, 4, 
2020/6/12, 38, 26, 7, , 4, 4, 
2020/6/13, 34, 24, 14, , 4, 5, 
2020/6/14, 48, 27, 12, , 3, 4, 
2020/6/15, 35, 26, 10, , 4, 5, 
2020/6/16, 42, 27, 7, , 5, 4, 
2020/6/17, 39, 24, 7, , 7, 5, 
2020/6/18, 42, 23, 9, , 8, 4, 
2020/6/19, 34, 21, 4, , 4, 4, 
2020/6/20, 34, 23, 5, , 5, 5, 
2020/6/21, 30, 24, 6, , 4, 5, 
2020/6/22, 41, 22, 5, , 2, 4, 
2020/6/23, 24, 19, 6, , 2, 3, 
2020/6/24, 25, 21, 10, , 2, , 
2020/6/25, 37, 24, 13, , 3, 4, 
2020/6/26, 44, 29, 13, , 2, 4, 
2020/6/27, 43, 29, 11, , 2, , 
2020/6/28, 36, 27, 12, , 2, 3, 
2020/6/29, 43, 30, 15, , 2, 3, 
2020/6/30, 43, 28, 10, , 2, 3, 
2020/5/1, 34, 25, 22, , 4, 4, 
2020/5/2, 38, 24, 24, , 3, 4, 
2020/5/3, 39, 26, 9, , 4, 4, 
2020/5/4, 48, 28, 36, , 2, 5, 
2020/5/5, 50, 27, 16, , 4, 4, 
2020/5/6, 44, 24, 22, , 5, 4, 
2020/5/7, 50, 25, 14, , 6, 4, 
2020/5/8, 36, 22, 12, , 5, , 
2020/5/9, 29, 19, 12, , 2, 4, 
2020/5/10, 27, 20, 11, , 2, 4, 
2020/5/11, 22, 21, 15, , 2, , 
2020/5/12, 25, 22, 14, , 3, 4, 
2020/5/13, 31, 23, 25, , 5, 4, 
2020/5/14, 40, 21, 26, , 3, 4, 
2020/5/15, 41, 20, 12, , 3, 4, 
2020/5/16, 33, 20, 12, , 3, , 
2020/5/17, 29, 20, 19, , 5, 4, 
2020/5/18, 33, 23, 16, , 6, 5, 
2020/5/19, 45, 24, 10, , 6, 4, 
2020/5/20, 37, 28, 35, , 13, 5, 
2020/5/21, 48, 33, 16, , 4, 6, 
2020/5/22, 47, 25, 13, , 5, 5, 
2020/5/23, 45, 23, 20, , 7, , 
2020/5/24, 36, 23, 17, , 4, , 
2020/5/25, 42, 28, 22, , 4, 5, 
2020/5/26, 55, 27, 17, , 5, 5, 
2020/5/27, 33, 24, 18, , 4, 5, 
2020/5/28, 38, 24, 12, , 4, 5, 
2020/5/29, 38, 26, 17, , 7, 5, 
2020/5/30, 42, 27, 11, , 3, 6, 
2020/5/31, 44, 26, 7, , 4, 6, 
2020/4/1, 44, 20, 18, , 2, 5, 
2020/4/2, 43, 21, 19, , 2, 5, 
2020/4/3, 39, 20, 17, , 2, 4, 
2020/4/4, 44, 20, 16, , 2, 4, 
2020/4/5, 46, 24, 16, , 2, 5, 
2020/4/6, 51, 20, 17, , 2, 5, 
2020/4/7, 32, 17, 18, , 3, 4, 
2020/4/8, 38, 22, 26, , 3, 4, 
2020/4/9, 46, 20, 27, , 3, 4, 
2020/4/10, 42, 20, 24, , 2, , 
2020/4/11, 40, 19, 22, , 3, 5, 
2020/4/12, 38, 19, 18, , 2, 5, 
2020/4/13, 43, 19, 25, , 2, , 
2020/4/14, 32, 21, 23, , 2, , 
2020/4/15, 47, 19, 23, , 3, 5, 
2020/4/16, 38, 18, 26, , 3, 5, 
2020/4/17, 45, 19, 24, , 3, 5, 
2020/4/18, 39, 20, 20, , 3, 5, 
2020/4/19, 45, 17, 19, , 3, 5, 
2020/4/20, 31, 18, 17, , 2, 5, 
2020/4/21, 41, 18, 14, , 2, 5, 
2020/4/22, 36, 17, 13, , 2, 5, 
2020/4/23, 37, 20, 17, , 3, 4, 
2020/4/24, 41, 19, 14, , 3, 4, 
2020/4/25, 36, 22, 20, , 3, 5, 
2020/4/26, 49, 19, 9, , 3, 4, 
2020/4/27, 35, 23, 22, , 6, 4, 
2020/4/28, 38, 23, 25, , 3, 4, 
2020/4/29, 36, 23, 21, , 5, 4, 
2020/4/30, 41, 23, 15, , 3, 4, 
2020/3/1, 41, 26, 17, , 3, 4, 
2020/3/2, 34, 24, 10, , 3, 4, 
2020/3/3, 44, 23, 20, , 3, , 
2020/3/4, 41, 25, 13, , 3, 5, 
2020/3/5, 50, 28, 16, , 3, 5, 
2020/3/6, 48, 28, 14, , 3, 4, 
2020/3/7, 39, 30, 21, , 4, 4, 
2020/3/8, 40, 34, 39, , 5, 4, 
2020/3/9, 62, 35, 27, , 4, 4, 
2020/3/10, 54, 34, 30, , 3, 5, 
2020/3/11, 61, 39, 26, , 3, 5, 
2020/3/12, 57, 29, 15, , 3, 4, 
2020/3/13, 41, 24, 19, , 2, 4, 
2020/3/14, 36, 23, 18, , 2, , 
2020/3/15, 36, 21, 16, , 3, , 
2020/3/16, 37, 28, 20, , 2, 4, 
2020/3/17, 48, 31, 17, , 3, 5, 
2020/3/18, 53, 27, 22, , 3, , 
2020/3/19, 48, 24, 26, , 3, , 
2020/3/20, 36, 21, 22, , 2, 5, 
2020/3/21, 46, 23, 17, , 2, 5, 
2020/3/22, 33, 25, 11, , 2, 6, 
2020/3/23, 42, 19, 17, , 3, 5, 
2020/3/24, 36, 19, 16, , 2, 5, 
2020/3/25, 43, 20, 17, , 2, 5, 
2020/3/26, 34, 22, 15, , 3, 5, 
2020/3/27, 37, 20, 18, , 3, 5, 
2020/3/28, 31, 21, 27, , 2, 5, 
2020/3/29, 39, 21, 27, , 3, 5, 
2020/3/30, 37, 19, 24, , 3, 6, 
2020/3/31, 40, 20, 22, , 2, 6, 
2020/2/1, 34, 29, 22, , 1, 5, 
2020/2/2, 55, 33, 23, , 1, 5, 
2020/2/3, 51, 30, 26, , 1, 5, 
2020/2/4, 46, 34, 21, , 1, 5, 
2020/2/5, 51, 33, 21, , , , 
2020/2/6, 44, 31, 20, , , , 
2020/2/7, 43, 37, 20, , , 4, 
2020/2/8, 45, 29, 13, , , 5, 
2020/2/9, 34, 16, 18, , , 5, 
2020/2/10, 23, 20, 10, , 2, 5, 
2020/2/11, 32, 23, 17, , 1, 5, 
2020/2/12, 35, 32, 16, , 1, 5, 
2020/2/13, 44, 34, 18, , 1, 5, 
2020/2/14, 41, 35, 29, , 2, , 
2020/2/15, 49, 32, 37, , 3, 6, 
2020/2/16, 48, 29, 20, , 4, 5, 
2020/2/17, 27, 20, 11, , 1, , 
2020/2/18, 27, 31, 17, , 2, 5, 
2020/2/19, 46, 32, 21, , 1, 5, 
2020/2/20, 38, 30, 15, , 1, 5, 
2020/2/21, 37, 33, 18, , 2, 4, 
2020/2/22, 40, 37, 20, , 2, 4, 
2020/2/23, 43, 33, 16, , 2, 5, 
2020/2/24, 44, 41, 20, , 2, 6, 
2020/2/25, 48, 35, 18, , 2, , 
2020/2/26, 39, 29, 19, , , , 
2020/2/27, 38, 35, 15, , , 7, 
2020/2/28, 42, 36, 23, , 3, 6, 
2020/2/29, 50, 31, 23, , 3, 6, 
2020/1/1, 35, 27, 13, , 1, 4, 
2020/1/2, 40, 31, 14, , 1, , 
2020/1/3, 44, 29, 16, , 1, , 
2020/1/4, 42, 29, 19, , 1, 4, 
2020/1/5, 41, 28, 15, , 1, 5, 
2020/1/6, 36, 19, 13, , 1, 4, 
2020/1/7, 25, 21, 14, , 2, , 
2020/1/8, 30, 28, 15, , 2, 4, 
2020/1/9, 44, 29, 11, , 2, 4, 
2020/1/10, 40, 27, 16, , 2, 5, 
2020/1/11, 46, 30, 27, , 2, 4, 
2020/1/12, 53, 32, 20, , 2, 5, 
2020/1/13, 47, 28, 16, , 2, 4, 
2020/1/14, 41, 28, 17, , 1, 3, 
2020/1/15, 47, 35, 15, , 1, 3, 
2020/1/16, 72, 45, 14, , 1, 3, 
2020/1/17, 76, 35, 12, , 1, 3, 
2020/1/18, 50, 26, 15, , 1, 3, 
2020/1/19, 46, 29, 12, , 1, 4, 
2020/1/20, 53, 25, 9, , 1, 3, 
2020/1/21, 48, 32, 12, , 1, 3, 
2020/1/22, 50, 28, 15, , 1, 4, 
2020/1/23, 42, 26, 17, , 1, 3, 
2020/1/24, 46, 30, 23, , 1, 3, 
2020/1/25, 51, 32, 25, , 1, 3, 
2020/1/26, 55, 28, 18, , 1, 3, 
2020/1/27, 38, 27, 17, , 1, 3, 
2020/1/28, 40, 23, 14, , 1, 4, 
2020/1/29, 32, 20, 19, , 1, 4, 
2020/1/30, 29, 20, 20, , 1, 4, 
2020/1/31, 39, 24, 23, , 1, 4, 
2019/10/1, 70, 31, 11, , 8, 6, 
2019/10/2, 56, 28, 14, , 7, 6, 
2019/10/3, 48, 20, 12, , 10, 5, 
2019/10/4, 42, 23, 17, , 8, 5, 
2019/10/5, 47, 27, 20, , 8, 30, 
2019/10/6, 52, 30, 10, , 10, 5, 
2019/10/7, 47, 25, 10, , 9, 5, 
2019/10/8, 55, 29, 10, , 9, 5, 
2019/10/9, 56, 32, 29, , 7, 6, 
2019/10/10, 78, 38, 15, , 7, 6, 
2019/10/11, 65, 26, 12, , 7, 4, 
2019/10/12, 45, 31, 12, , 10, 4, 
2019/10/13, 52, 29, 18, , 10, 4, 
2019/10/14, 52, 33, 17, , 9, 6, 
2019/10/15, 63, 31, 15, , 7, 4, 
2019/10/16, 45, 26, 8, , 7, 4, 
2019/10/17, 44, 33, 11, , 9, 6, 
2019/10/18, 64, 35, 20, , 9, 6, 
2019/10/19, 73, 39, 15, , 9, 6, 
2019/10/20, 62, 28, 8, , 9, 5, 
2019/10/21, 40, 27, 3, , 10, 6, 
2019/10/22, 46, 27, 15, , 15, 7, 
2019/10/23, 60, 40, 12, , 13, 8, 
2019/10/24, 79, 36, 15, , 11, 6, 
2019/10/25, 60, 31, 10, , 14, 7, 
2019/10/26, 57, 26, 18, , 7, 7, 
2019/10/27, 46, 31, 11, , 8, 6, 
2019/10/28, 42, 29, 17, , 12, 7, 
2019/10/29, 70, 38, 24, , 11, 5, 
2019/10/30, 74, 43, 5, , 9, 8, 
2019/10/31, 91, 43, 15, , 15, 6, 
2019/11/1, 64, 41, 14, , 17, 6, 
2019/11/2, 92, 39, 15, , 14, 5, 
2019/11/3, 58, 32, 7, , 23, 7, 
2019/11/4, 98, 49, 18, , 17, 7, 
2019/11/5, 114, 44, 17, , 19, 7, 
2019/11/6, 91, 48, 25, , 11, 7, 
2019/11/7, 107, 42, 15, , 8, 4, 
2019/11/8, 55, 28, 21, , 11, 5, 
2019/11/9, 75, 41, 36, , 19, 5, 
2019/11/10, 67, 41, 16, , 24, 6, 
2019/11/11, 82, 45, 21, , 13, 7, 
2019/11/12, 100, 59, 41, , 8, 10, 
2019/11/13, 145, 51, 20, , 8, 6, 
2019/11/14, 70, 29, 16, , 2, 6, 
2019/11/15, 45, 27, 24, , 3, 6, 
2019/11/16, 53, 34, 25, , 5, 6, 
2019/11/17, 54, 34, 21, , 5, 5, 
2019/11/18, 56, 32, 14, , 3, 5, 
2019/11/19, 51, 27, 7, , 2, 5, 
2019/11/20, 50, 23, 8, , 1, 10, 
2019/11/21, 38, 20, 12, , 1, 4, 
2019/11/22, 32, 18, 13, , 1, 5, 
2019/11/23, 27, 20, 20, , 1, 15, 
2019/11/24, 37, 28, 20, , 3, 6, 
2019/11/25, 50, 24, 14, , 4, 5, 
2019/11/26, 27, 24, 11, , 2, 5, 
2019/11/27, 36, 30, 9, , 4, 5, 
2019/11/28, 41, 26, 8, , 2, 4, 
2019/11/29, 33, 22, 14, , 1, 5, 
2019/11/30, 36, 24, 19, , 2, 5, 
2019/12/1, 35, 21, 13, , 2, 5, 
2019/12/2, 28, 25, 14, , 1, 5, 
2019/12/3, 41, 41, 18, , 1, 6, 
2019/12/4, 57, 40, 19, , 1, 7, 
2019/12/5, 56, 37, 25, , 1, 6, 
2019/12/6, 54, 35, 27, , 1, 6, 
2019/12/7, 51, 34, 22, , 2, 6, 
2019/12/8, 39, 19, 16, , 1, 5, 
2019/12/9, 25, 23, 11, , 1, 6, 
2019/12/10, 51, 24, 9, , 1, 5, 
2019/12/11, 26, 23, 19, , 1, 4, 
2019/12/12, 43, 34, 15, , 1, 4, 
2019/12/13, 47, 19, 6, , 1, 5, 
2019/12/14, 27, 16, 5, , 1, 5, 
2019/12/15, 26, 16, 11, , 1, 4, 
2019/12/16, 27, 20, 4, , 2, 4, 
2019/12/17, 32, 26, 12, , 2, 6, 
2019/12/18, 43, 23, 11, , 2, 5, 
2019/12/19, 30, 23, 11, , 2, 4, 
2019/12/20, 40, 25, 8, , 1, 4, 
2019/12/21, 39, 18, 11, , 1, 4, 
2019/12/22, 27, 20, 15, , 1, 4, 
2019/12/23, 44, 25, 11, , , , 
2019/12/24, 37, 24, 15, , 2, , 
2019/12/25, 44, 26, 13, , 1, , 
2019/12/26, 44, 25, 16, , 1, 3, 
2019/12/27, 44, 30, 15, , 2, 4, 
2019/12/28, 55, 34, 18, , 1, , 
2019/12/29, 53, , , , , , 
2019/7/1, 56, 34, 8, , 5, 5, 
2019/7/2, 64, 39, 7, , 5, 4, 
2019/7/3, 75, 38, 9, , 9, 4, 
2019/7/4, 68, 31, 4, , 9, 4, 
2019/7/5, 48, 24, 4, , 8, 5, 
2019/7/6, 37, 24, 5, , 9, 15, 
2019/7/7, 42, 22, 4, , 8, 5, 
2019/7/8, 41, 26, 8, , 10, 5, 
2019/7/9, 46, 33, 18, , 7, 4, 
2019/7/10, 50, 33, 18, , 6, 4, 
2019/7/11, 43, 28, 11, , 7, 4, 
2019/7/12, 46, 25, 13, , 7, 4, 
2019/7/13, 48, 28, 17, , 6, 36, 
2019/7/14, 49, 32, 17, , 6, 4, 
2019/7/15, 61, 30, 18, , 6, 4, 
2019/7/16, 60, 36, 20, , 4, 4, 
2019/7/17, 65, 36, 20, , 4, 4, 
2019/7/18, 59, 37, 16, , 4, 4, 
2019/7/19, 48, 35, 15, , 7, 8, 
2019/7/20, 54, 34, 12, , 8, 5, 
2019/7/21, 49, 25, 11, , 7, 5, 
2019/7/22, 33, 20, 6, , 11, 6, 
2019/7/23, 38, 22, 10, , 10, 5, 
2019/7/24, 41, 30, 17, , 7, 45, 
2019/7/25, 47, 31, 17, , 7, 45, 
2019/7/26, 47, 32, 15, , 7, 5, 
2019/7/27, 46, 31, 13, , 7, 5, 
2019/7/28, 45, 31, 15, , 6, 4, 
2019/7/29, 57, 39, 19, , 6, 4, 
2019/7/30, 64, 38, 20, , 5, 4, 
2019/7/31, 62, 35, 18, , 5, , 
2019/8/1, 57, 39, 18, , 6, 4, 
2019/8/2, 61, 37, 14, , 4, 4, 
2019/8/3, 58, 38, 14, , 3, 4, 
2019/8/4, 51, 35, 19, , 4, 4, 
2019/8/5, 68, 45, 20, , 5, 5, 
2019/8/6, 84, 51, 21, , 5, 5, 
2019/8/7, 78, 50, 23, , 6, 5, 
2019/8/8, 82, 46, 22, , 5, 4, 
2019/8/9, 81, 45, 19, , 3, 45, 
2019/8/10, 76, 42, 19, , 2, , 
2019/8/11, 70, 40, 18, , 2, 4, 
2019/8/12, 63, 39, 17, , 6, 5, 
2019/8/13, 57, 37, 17, , 5, 4, 
2019/8/14, 57, 37, 12, , 7, , 
2019/8/15, 61, 39, 15, , 6, 45, 
2019/8/16, 63, 40, 17, , 6, 5, 
2019/8/17, 79, 43, 18, , 7, 5, 
2019/8/18, 67, 37, 15, , 6, 5, 
2019/8/19, 65, 39, 19, , 6, 5, 
2019/8/20, 70, 42, 18, , 7, 4, 
2019/8/21, 70, 39, 12, , 7, 5, 
2019/8/22, 57, 35, 15, , 7, 5, 
2019/8/23, 59, 41, 18, , 7, 5, 
2019/8/24, 69, 44, 16, , 8, 5, 
2019/8/25, 75, 48, 16, , 9, 6, 
2019/8/26, 82, 37, 10, , 10, 7, 
2019/8/27, 65, 35, 7, , 17, 26, 
2019/8/28, 68, 33, 14, , 9, 5, 
2019/8/29, 62, 35, 13, , 6, 13, 
2019/8/30, 63, 37, 19, , 6, 4, 
2019/8/31, 66, 42, 20, , 4, 5, 
2019/9/1, 81, 43, 17, , 7, 53, 
2019/9/2, 79, 41, 16, , 9, 6, 
2019/9/3, 76, 36, 13, , 8, 6, 
2019/9/4, 66, 39, 22, , 8, 6, 
2019/9/5, 83, 45, 23, , 7, 5, 
2019/9/6, 85, 46, 25, , 7, 5, 
2019/9/7, 89, 45, 23, , 5, , 
2019/9/8, 87, 52, 22, , 5, 7, 
2019/9/9, 123, 58, 20, , 6, 8, 
2019/9/10, 132, 53, 14, , 6, 6, 
2019/9/11, 91, 51, 24, , 9, 6, 
2019/9/12, 134, 59, 23, , 9, 7, 
2019/9/13, 137, 58, 21, , 5, 8, 
2019/9/14, 131, 67, 28, , 6, 7, 
2019/9/15, 126, 55, 23, , 7, 4, 
2019/9/16, 108, 58, 25, , 6, 4, 
2019/9/17, 132, 71, 25, , 4, 7, 
2019/9/18, 171, 73, 21, , 6, 5, 
2019/9/19, 104, 42, 16, , 7, 2, 
2019/9/20, 83, 59, 25, , 7, 5, 
2019/9/21, 147, 65, 30, , 7, 8, 
2019/9/22, 160, 68, 17, , 7, 7, 
2019/9/23, 147, 57, 17, , 6, 7, 
2019/9/24, 124, 44, 9, , 6, 5, 
2019/9/25, 72, 38, 35, , 8, 8, 
2019/9/26, 95, 45, 22, , 10, 5, 
2019/9/27, 90, 42, 21, , 8, 6, 
2019/9/28, 95, 42, 19, , 10, 6, 
2019/9/29, 69, 31, 13, , 8, 12, 
2019/9/30, 67, 33, 9, , 10, 6, 
2019/4/1, 53, 29, 25, , 6, 5, 
2019/4/2, 58, 31, 26, , 4, 5, 
2019/4/3, 53, 25, 28, , 5, 5, 
2019/4/4, 39, 24, 21, , 2, 5, 
2019/4/5, 48, 27, 11, , 4, 3, 
2019/4/6, 50, 26, 9, , 4, 3, 
2019/4/7, 52, 26, 11, , 3, 3, 
2019/4/8, 51, 29, 10, , 2, 4, 
2019/4/9, 63, 34, 10, , 2, 5, 
2019/4/10, 67, 38, 4, , 4, 6, 
2019/4/11, 82, 35, 11, , 8, 5, 
2019/4/12, 65, 30, 8, , 11, 4, 
2019/4/13, 50, 21, 6, , 7, 4, 
2019/4/14, 42, 20, 4, , 7, 5, 
2019/4/15, 41, 21, 6, , 7, 4, 
2019/4/16, 40, 26, 8, , 6, 5, 
2019/4/17, 59, 31, 8, , 5, 4, 
2019/4/18, 68, 29, 8, , 5, 5, 
2019/4/19, 59, 32, 5, , 8, 6, 
2019/4/20, 77, 32, 11, , 5, 6, 
2019/4/21, 64, 26, 7, , 4, 5, 
2019/4/22, 52, 34, 4, , 4, 7, 
2019/4/23, 74, 31, 6, , 6, 7, 
2019/4/24, 60, 32, 11, , 7, 6, 
2019/4/25, 74, 35, 2, , 5, 6, 
2019/4/26, 58, 23, 2, , 5, 4, 
2019/4/27, 39, 32, 19, , 11, 4, 
2019/4/28, 63, 37, 11, , 11, 3, 
2019/4/29, 39, 32, 4, , 4, 4, 
2019/4/30, 64, 43, 12, , 10, 6, 
2019/5/1, 76, 42, 16, , 13, 22, 
2019/5/2, 92, 45, 14, , 12, 4, 
2019/5/3, 75, 33, 7, , 7, 5, 
2019/5/4, 51, 36, 8, , 8, 5, 
2019/5/5, 56, 28, 6, , 10, 3, 
2019/5/6, 39, 30, 9, , 9, 2, 
2019/5/7, 51, 29, 5, , 10, 2, 
2019/5/8, 37, 32, 6, , 12, 3, 
2019/5/9, 57, 32, 5, , 11, 3, 
2019/5/10, 47, 43, 3, , 14, 6, 
2019/5/11, 71, 40, 11, , 9, 6, 
2019/5/12, 60, 32, 5, , 5, 6, 
2019/5/13, 44, 34, 7, , 3, 7, 
2019/5/14, 51, 29, 6, , 3, 5, 
2019/5/15, 48, 24, 3, , 5, 2, 
2019/5/16, 55, 39, 2, , 12, 11, 
2019/5/17, 49, 33, 3, , 9, 10, 
2019/5/18, 51, 23, 2, , 3, , 
2019/5/19, 38, 24, 19, , 3, 5, 
2019/5/20, 51, 23, 12, , 3, 7, 
2019/5/21, 40, 24, 3, , 2, 7, 
2019/5/22, 39, 19, 5, , 2, 4, 
2019/5/23, 28, 20, 5, , 2, , 
2019/5/24, 38, 22, 4, , 2, 4, 
2019/5/25, 32, 19, 5, , 1, 4, 
2019/5/26, 33, 21, 4, , 2, 4, 
2019/5/27, 29, 20, 1, , 2, 5, 
2019/5/28, 32, 21, 5, , 2, 5, 
2019/5/29, 31, 20, 4, , 9, 4, 
2019/5/30, 38, 20, 5, , 11, 4, 
2019/5/31, 33, 19, 4, , 9, 4, 
2019/6/1, 32, 19, 8, , 9, 4, 
2019/6/2, 35, 21, 4, , 12, 4, 
2019/6/3, 40, 25, 7, , 13, 6, 
2019/6/4, 48, 23, 6, , 12, 8, 
2019/6/5, 28, 18, 3, , 8, 5, 
2019/6/6, 39, 19, 3, , 10, 5, 
2019/6/7, 36, 26, 3, , 15, 7, 
2019/6/8, 54, 23, 5, , 12, 29, 
2019/6/9, 44, 23, 6, , 12, 6, 
2019/6/10, 48, 24, 6, , 8, , 
2019/6/11, 39, 17, 4, , 6, 7, 
2019/6/12, 29, 18, 3, , 5, 4, 
2019/6/13, 34, 20, 3, , 6, 4, 
2019/6/14, 28, 20, 1, , 8, 5, 
2019/6/15, 39, 22, , , 9, 4, 
2019/6/16, 38, 18, 6, , 5, 4, 
2019/6/17, 29, 19, 1, , 7, 5, 
2019/6/18, 34, 20, 2, , 9, 6, 
2019/6/19, 46, 21, 4, , 10, 8, 
2019/6/20, 33, 21, 4, , 7, 7, 
2019/6/21, 35, 19, 4, , 8, 5, 
2019/6/22, 41, 22, 6, , 7, 23, 
2019/6/23, 31, 20, 6, , 7, 5, 
2019/6/24, 41, 31, 9, , 9, 4, 
2019/6/25, 66, 33, 3, , 6, 27, 
2019/6/26, 58, 33, 6, , 11, 4, 
2019/6/27, 62, 28, 5, , 6, 4, 
2019/6/28, 47, 33, 7, , 5, 5, 
2019/6/29, 68, 33, 5, , 7, 10, 
2019/6/30, 50, 28, 8, , 5, 36, 
2019/1/1, 35, 25, 37, , 2, 6, 
2019/1/2, 57, 34, 34, , 2, 7, 
2019/1/3, 68, 32, 30, , 2, 5, 
2019/1/4, 55, 38, 34, , 3, 7, 
2019/1/5, 84, 33, 22, , 2, 8, 
2019/1/6, 50, 30, 17, , 1, 27, 
2019/1/7, 45, 28, 13, , , 5, 
2019/1/8, 46, 31, 17, , 1, 5, 
2019/1/9, 49, 29, 17, , 1, 3, 
2019/1/10, 45, 26, 19, , 1, 3, 
2019/1/11, 42, 27, 22, , 1, 4, 
2019/1/12, 45, 27, 18, , 1, , 
2019/1/13, 47, 31, 14, , 1, 18, 
2019/1/14, 55, 31, 21, , 1, 4, 
2019/1/15, 50, 28, 19, , 3, 4, 
2019/1/16, 45, 22, 12, , 1, 4, 
2019/1/17, 30, 18, 9, , 1, 4, 
2019/1/18, 34, 30, 15, , 2, 5, 
2019/1/19, 47, 32, 17, , 1, , 
2019/1/20, 50, 31, 15, , , 45, 
2019/1/21, 44, 27, 15, , 1, 4, 
2019/1/22, 39, 28, 25, , 1, 25, 
2019/1/23, 48, 42, 28, , 1, 7, 
2019/1/24, 67, 44, 26, , 1, 6, 
2019/1/25, 64, 39, 26, , 1, 5, 
2019/1/26, 60, 35, 21, , , 4, 
2019/1/27, 52, 28, 15, , , 4, 
2019/1/28, 47, 31, 18, , 1, 29, 
2019/1/29, 50, 32, 19, , 1, 4, 
2019/1/30, 51, 30, 20, , 1, 4, 
2019/1/31, 49, 33, 17, , 1, 4, 
2019/2/1, 49, 30, 20, , 2, 4, 
2019/2/2, 45, 26, 19, , 3, 4, 
2019/2/3, 49, 28, 19, , 4, 5, 
2019/2/4, 52, 28, 19, , 4, 8, 
2019/2/5, 47, 25, 24, , 3, 4, 
2019/2/6, 47, 27, 20, , 3, 8, 
2019/2/7, 51, 27, 18, , 2, 4, 
2019/2/8, 52, 28, 17, , 2, 4, 
2019/2/9, 53, 28, 17, , 3, 4, 
2019/2/10, 47, 25, 22, , 1, 4, 
2019/2/11, 46, 26, 20, , 1, 4, 
2019/2/12, 47, 29, 15, , 1, 17, 
2019/2/13, 48, 30, 17, , 1, 3, 
2019/2/14, 51, 36, 16, , 2, 16, 
2019/2/15, 56, 32, 21, , 2, 4, 
2019/2/16, 51, 30, 19, , 2, 9, 
2019/2/17, 51, 29, 21, , 3, 5, 
2019/2/18, 56, 27, 16, , 4, 17, 
2019/2/19, 49, 26, 15, , 3, 24, 
2019/2/20, 51, 28, 18, , 2, 21, 
2019/2/21, 54, 31, 19, , 1, 5, 
2019/2/22, 55, 31, 22, , 2, , 
2019/2/23, 53, 31, 32, , 2, 45, 
2019/2/24, 55, 29, 22, , 2, , 
2019/2/25, 51, 29, 16, , 1, , 
2019/2/26, 52, 31, 18, , 1, 45, 
2019/2/27, 50, 36, 16, , 1, 10, 
2019/2/28, 60, 37, 21, , 2, 4, 
2019/3/1, 61, 33, 29, , 2, 5, 
2019/3/2, 54, 32, 31, , 16, 6, 
2019/3/3, 60, 32, 30, , 15, 5, 
2019/3/4, 63, 35, 35, , 5, 5, 
2019/3/5, 73, 40, 19, , 8, 4, 
2019/3/6, 62, 30, 20, , 2, 4, 
2019/3/7, 61, 34, 21, , 4, 5, 
2019/3/8, 74, 33, 26, , 3, 5, 
2019/3/9, 58, 26, 15, , 3, 4, 
2019/3/10, 46, 25, 14, , 5, 6, 
2019/3/11, 52, 32, 17, , 3, 8, 
2019/3/12, 60, 30, 20, , 4, 6, 
2019/3/13, 64, 32, 22, , 2, 5, 
2019/3/14, 54, 34, 24, , 1, 5, 
2019/3/15, 60, 31, 26, , 2, 5, 
2019/3/16, 58, 31, 36, , 2, , 
2019/3/17, 62, 38, 27, , 2, 6, 
2019/3/18, 71, 39, 21, , 2, 6, 
2019/3/19, 67, 37, 20, , 1, 7, 
2019/3/20, 65, 33, 30, , 2, 5, 
2019/3/21, 53, 34, 28, , 2, 6, 
2019/3/22, 76, 47, 26, , 3, 4, 
2019/3/23, 85, 34, 22, , 2, 4, 
2019/3/24, 58, 39, 12, , 1, 6, 
2019/3/25, 75, 30, 14, , 1, 4, 
2019/3/26, 52, 30, 16, , 1, 4, 
2019/3/27, 57, 42, 11, , 2, 5, 
2019/3/28, 78, 35, 17, , 6, 6, 
2019/3/29, 66, 33, 17, , 8, 5, 
2019/3/30, 72, 44, 20, , 16, 6, 
2019/3/31, 89, 34, 12, , 11, 5, 
2018/10/1, 69, 37, 25, , 8, 4, 
2018/10/2, 63, 39, 16, , 9, 6, 
2018/10/3, 77, 39, 22, , 7, 5, 
2018/10/4, 69, 41, 23, , 10, 5, 
2018/10/5, 79, 43, 16, , 9, 5, 
2018/10/6, 72, 31, 12, , 6, 6, 
2018/10/7, 57, 27, 14, , 5, 6, 
2018/10/8, 56, 32, 7, , 13, 7, 
2018/10/9, 74, 33, 11, , 13, 7, 
2018/10/10, 61, 28, 13, , 16, 7, 
2018/10/11, 51, 22, 6, , 7, 5, 
2018/10/12, 37, 22, 7, , 13, 5, 
2018/10/13, 50, 29, 6, , 14, 6, 
2018/10/14, 55, 27, 17, , 15, 6, 
2018/10/15, 59, 35, 14, , 10, 6, 
2018/10/16, 77, 34, 10, , 13, 6, 
2018/10/17, 72, 30, 9, , 12, 5, 
2018/10/18, 49, 26, 15, , 17, 5, 
2018/10/19, 55, 28, 19, , 14, 4, 
2018/10/20, 57, 33, 21, , 10, 4, 
2018/10/21, 76, 37, 19, , 9, 5, 
2018/10/22, 64, 26, 11, , 8, 5, 
2018/10/23, 52, 29, 15, , 9, 5, 
2018/10/24, 54, 35, 16, , 8, 6, 
2018/10/25, 84, 48, 32, , 11, 7, 
2018/10/26, 101, 41, 21, , 10, 6, 
2018/10/27, 72, 32, 23, , 7, 6, 
2018/10/28, 63, 27, 17, , 4, 6, 
2018/10/29, 54, 30, 14, , 3, 7, 
2018/10/30, 54, 28, 18, , 3, 6, 
2018/10/31, 42, 27, 14, , 2, 5, 
2018/11/1, 53, 30, 20, , 2, 4, 
2018/11/2, 44, 29, 13, , 12, 7, 
2018/11/3, 62, 32, 20, , 12, 7, 
2018/11/4, 43, 26, 14, , 7, 7, 
2018/11/5, 48, 26, 15, , 9, 7, 
2018/11/6, 48, 21, 16, , 6, 6, 
2018/11/7, 38, 23, 19, , 7, 5, 
2018/11/8, 34, 27, 9, , 9, 5, 
2018/11/9, 72, 38, 29, , 16, 7, 
2018/11/10, 73, 29, 18, , 8, 5, 
2018/11/11, 42, 22, 31, , 5, 6, 
2018/11/12, 48, 24, 13, , 9, 6, 
2018/11/13, 37, 28, 10, , 14, 5, 
2018/11/14, 53, 27, 8, , 14, 5, 
2018/11/15, 48, 32, 14, , 13, 7, 
2018/11/16, 65, 30, 16, , 11, 5, 
2018/11/17, 47, 26, 16, , 11, 6, 
2018/11/18, 52, 24, 14, , 13, 5, 
2018/11/19, 42, 28, 11, , 16, 7, 
2018/11/20, 56, 28, 18, , 19, 4, 
2018/11/21, 41, 23, 14, , 6, 5, 
2018/11/22, 44, 26, 15, , 4, 5, 
2018/11/23, 51, 26, 21, , 4, 5, 
2018/11/24, 44, 28, 11, , 7, 5, 
2018/11/25, 58, 28, 14, , 15, , 
2018/11/26, 51, 28, 10, , 16, 5, 
2018/11/27, 46, 28, 16, , 14, 5, 
2018/11/28, 54, 28, 12, , 4, 5, 
2018/11/29, 50, 25, 10, , 3, 6, 
2018/11/30, 42, 22, 14, , 2, 5, 
2018/12/1, 35, 19, 14, , 1, 5, 
2018/12/2, 31, 19, 7, , 2, 6, 
2018/12/3, 39, 26, 21, , 4, 6, 
2018/12/4, 47, 23, 14, , 4, 5, 
2018/12/5, 43, 25, 9, , 3, 7, 
2018/12/6, 53, 27, 13, , 6, 6, 
2018/12/7, 58, 27, 10, , 9, 5, 
2018/12/8, 42, 25, 19, , 5, 6, 
2018/12/9, 49, 22, 11, , 3, 4, 
2018/12/10, 42, 23, 6, , 5, 5, 
2018/12/11, 41, 22, 10, , 5, 5, 
2018/12/12, 43, 23, 6, , 4, 5, 
2018/12/13, 38, 21, 16, , 4, 4, 
2018/12/14, 34, 24, 18, , 3, 4, 
2018/12/15, 47, 23, 22, , 5, 4, 
2018/12/16, 35, 23, 21, , 8, 5, 
2018/12/17, 44, 25, 21, , 9, 4, 
2018/12/18, 44, 28, 27, , 6, 4, 
2018/12/19, 63, 29, 23, , 6, 5, 
2018/12/20, 42, 23, 15, , 5, 4, 
2018/12/21, 39, 28, 22, , 3, 5, 
2018/12/22, 59, 38, 42, , 3, 6, 
2018/12/23, 85, 42, 36, , 7, 6, 
2018/12/24, 84, 36, 32, , 8, 5, 
2018/12/25, 59, 28, 26, , 5, 5, 
2018/12/26, 49, 23, 25, , 4, 5, 
2018/12/27, 50, 27, 30, , 3, 6, 
2018/12/28, 59, 29, 27, , 4, 6, 
2018/12/29, 60, 30, 27, , 4, 5, 
2018/12/30, 58, , , , , , 
2018/7/1, 37, 20, 7, , 6, 4, 
2018/7/2, 34, 24, 7, , 6, 4, 
2018/7/3, 39, 30, 14, , 7, 4, 
2018/7/4, 51, 33, 19, , 6, 4, 
2018/7/5, 62, 43, 19, , 4, 5, 
2018/7/6, 72, 44, 21, , 4, 5, 
2018/7/7, 61, 43, 15, , 4, 5, 
2018/7/8, 53, 34, 12, , 3, , 
2018/7/9, 51, 32, 8, , 7, 7, 
2018/7/10, 48, 28, 11, , 11, 4, 
2018/7/11, 47, 32, 19, , 8, 32, 
2018/7/12, 61, 45, 20, , 6, 4, 
2018/7/13, 88, 55, 19, , 5, 4, 
2018/7/14, 91, 56, 20, , 4, 4, 
2018/7/15, 80, 51, 22, , 5, , 
2018/7/16, 84, 50, 18, , 5, 4, 
2018/7/17, 76, 49, 20, , 4, 5, 
2018/7/18, 84, 50, 17, , 4, 5, 
2018/7/19, 81, 49, 17, , 3, 5, 
2018/7/20, 76, 45, 8, , 8, 5, 
2018/7/21, 64, 37, 15, , 9, 5, 
2018/7/22, 54, 41, 22, , 4, 5, 
2018/7/23, 73, 47, 19, , 6, 5, 
2018/7/24, 76, 44, 8, , 6, 5, 
2018/7/25, 61, 36, 18, , 14, 5, 
2018/7/26, 56, 40, 18, , 10, 5, 
2018/7/27, 64, 51, 25, , 6, 6, 
2018/7/28, 91, 52, 25, , 6, 6, 
2018/7/29, 77, 43, 12, , 8, 6, 
2018/7/30, 61, 43, 12, , 11, 5, 
2018/7/31, 84, 38, 6, , 11, 5, 
2018/8/1, 56, 28, 12, , 9, 4, 
2018/8/2, 38, 30, 20, , 7, 5, 
2018/8/3, 61, 35, 21, , 6, 5, 
2018/8/4, 68, 37, 22, , 6, 5, 
2018/8/5, 63, 37, 19, , 5, 5, 
2018/8/6, 71, 43, 20, , 5, 5, 
2018/8/7, 85, 39, 14, , 8, 13, 
2018/8/8, 57, 35, 16, , 7, 4, 
2018/8/9, 72, 36, 18, , 5, 4, 
2018/8/10, 66, 39, 22, , 5, 17, 
2018/8/11, 76, 39, 23, , 5, 5, 
2018/8/12, 74, 42, 19, , 5, 5, 
2018/8/13, 73, 38, 20, , 4, 27, 
2018/8/14, 62, 39, 22, , 3, 4, 
2018/8/15, 72, 48, 21, , 6, 5, 
2018/8/16, 86, 42, 15, , 5, 6, 
2018/8/17, 66, 42, 27, , 5, 5, 
2018/8/18, 75, 49, 28, , 5, 5, 
2018/8/19, 84, 44, 24, , 6, , 
2018/8/20, 67, 39, 21, , 6, 5, 
2018/8/21, 65, 38, 10, , 5, 9, 
2018/8/22, 65, 35, 10, , 12, 5, 
2018/8/23, 60, 32, 10, , 10, 5, 
2018/8/24, 59, 30, 13, , 8, 7, 
2018/8/25, 49, 23, 21, , 7, 4, 
2018/8/26, 39, 33, 21, , 5, 5, 
2018/8/27, 68, 41, 15, , 6, 6, 
2018/8/28, 75, 38, 14, , 9, 6, 
2018/8/29, 56, 29, 13, , 10, 5, 
2018/8/30, 54, 30, 13, , 9, 5, 
2018/8/31, 43, 28, 23, , 10, 6, 
2018/9/1, 52, 32, 8, , 8, 6, 
2018/9/2, 53, 31, 14, , 14, 5, 
2018/9/3, 47, 30, 6, , 9, 8, 
2018/9/4, 54, 32, 9, , 14, 6, 
2018/9/5, 60, 33, 19, , 10, 4, 
2018/9/6, 73, 44, 7, , 6, 5, 
2018/9/7, 78, 38, 10, , 9, 6, 
2018/9/8, 59, 29, 12, , 11, 5, 
2018/9/9, 51, 28, 12, , 7, 6, 
2018/9/10, 62, 37, 8, , 7, 7, 
2018/9/11, 65, 27, 11, , 10, 9, 
2018/9/12, 43, 30, 19, , 6, 4, 
2018/9/13, 59, 39, 23, , 8, 5, 
2018/9/14, 76, 42, 23, , 8, 5, 
2018/9/15, 77, 43, 25, , 6, 5, 
2018/9/16, 73, 41, 24, , 5, 4, 
2018/9/17, 65, 35, 15, , 5, 13, 
2018/9/18, 59, 36, 21, , 6, 5, 
2018/9/19, 66, 41, 18, , 6, 7, 
2018/9/20, 73, 29, 10, , 7, 5, 
2018/9/21, 47, 24, 13, , 11, 4, 
2018/9/22, 35, 24, 19, , 10, 5, 
2018/9/23, 48, 37, 26, , 8, 21, 
2018/9/24, 70, 41, 24, , 8, , 
2018/9/25, 61, 38, 18, , 8, , 
2018/9/26, 66, 39, 19, , 10, 4, 
2018/9/27, 60, 39, 21, , 8, 4, 
2018/9/28, 67, 45, 28, , 10, 5, 
2018/9/29, 76, 41, 25, , 8, , 
2018/9/30, 69, 38, 24, , 6, 4, 
2018/4/1, 79, 51, 25, , 3, 7, 
2018/4/2, 83, 47, 34, , 3, 5, 
2018/4/3, 80, 47, 27, , 4, , 
2018/4/4, 79, 41, 23, , 6, 4, 
2018/4/5, 66, 39, 20, , 5, 5, 
2018/4/6, 68, 40, 18, , 4, 5, 
2018/4/7, 67, 38, 21, , 3, 5, 
2018/4/8, 63, 37, 22, , 3, , 
2018/4/9, 55, 39, 19, , 4, 5, 
2018/4/10, 59, 35, 16, , 5, 6, 
2018/4/11, 54, 34, 19, , 4, 5, 
2018/4/12, 58, 33, 17, , 2, 5, 
2018/4/13, 47, 30, 12, , 2, 5, 
2018/4/14, 49, 36, 24, , 7, 8, 
2018/4/15, 61, 27, 7, , 3, 6, 
2018/4/16, 36, 27, 19, , 3, 7, 
2018/4/17, 54, 30, 19, , 3, 4, 
2018/4/18, 46, 28, 14, , 2, 4, 
2018/4/19, 54, 33, 13, , 3, 4, 
2018/4/20, 55, 30, 12, , 3, 5, 
2018/4/21, 50, 34, 19, , 3, 6, 
2018/4/22, 60, 31, 15, , 3, 5, 
2018/4/23, 55, 34, 20, , 7, 6, 
2018/4/24, 70, 35, 21, , 8, 5, 
2018/4/25, 54, 33, 26, , 7, 5, 
2018/4/26, 69, 39, 11, , 10, 6, 
2018/4/27, 67, 34, 18, , 5, 6, 
2018/4/28, 59, 28, 20, , 5, 5, 
2018/4/29, 47, 24, 15, , 7, 4, 
2018/4/30, 44, 33, 8, , 7, 6, 
2018/5/1, 57, 36, 13, , 5, 8, 
2018/5/2, 69, 40, 16, , 8, 8, 
2018/5/3, 74, 43, 19, , 10, 7, 
2018/5/4, 79, 34, 15, , 11, 6, 
2018/5/5, 60, 32, 17, , 10, 6, 
2018/5/6, 60, 36, 16, , 8, 6, 
2018/5/7, 69, 32, 18, , 7, 4, 
2018/5/8, 56, 28, 21, , 7, , 
2018/5/9, 43, 24, 15, , 8, , 
2018/5/10, 43, 27, 9, , 9, , 
2018/5/11, 43, 28, 11, , 10, 4, 
2018/5/12, 43, 22, 12, , 9, 4, 
2018/5/13, 41, 24, 13, , 11, 5, 
2018/5/14, 48, 24, 17, , 9, 6, 
2018/5/15, 39, 22, 16, , 7, 5, 
2018/5/16, 38, 31, 15, , 9, 8, 
2018/5/17, 70, 28, 12, , 12, 5, 
2018/5/18, 46, 31, 10, , 10, 8, 
2018/5/19, 78, 49, 6, , 15, 10, 
2018/5/20, 106, 44, 17, , 17, 6, 
2018/5/21, 50, 31, 10, , 12, 4, 
2018/5/22, 40, 37, 6, , 12, 6, 
2018/5/23, 81, 31, 17, , 19, 4, 
2018/5/24, 47, 29, 15, , 10, 4, 
2018/5/25, 47, 30, 8, , 6, 5, 
2018/5/26, 62, 29, 9, , 11, 5, 
2018/5/27, 51, 26, 7, , 19, 5, 
2018/5/28, 47, 26, 13, , 12, 5, 
2018/5/29, 50, 29, 10, , 16, 5, 
2018/5/30, 55, 30, 7, , 11, 6, 
2018/5/31, 57, 32, 9, , 13, 6, 
2018/6/1, 54, 29, 12, , 11, 6, 
2018/6/2, 64, 41, 26, , 14, 6, 
2018/6/3, 82, 31, 14, , 14, 5, 
2018/6/4, 45, 28, 14, , 13, 5, 
2018/6/5, 58, 34, 17, , 9, 4, 
2018/6/6, 67, 37, 20, , 9, 4, 
2018/6/7, 76, 40, 14, , 11, 4, 
2018/6/8, 72, 39, 16, , 18, 17, 
2018/6/9, 88, 41, 15, , 8, 4, 
2018/6/10, 75, 34, 16, , 5, 4, 
2018/6/11, 64, 36, 11, , 6, 4, 
2018/6/12, 65, 31, 8, , 8, 4, 
2018/6/13, 50, 25, 8, , 10, 5, 
2018/6/14, 41, 25, 4, , 11, 6, 
2018/6/15, 49, 27, 13, , 12, 5, 
2018/6/16, 51, 29, 18, , 8, 5, 
2018/6/17, 58, 28, 7, , 8, 4, 
2018/6/18, 43, 24, 9, , 12, 4, 
2018/6/19, 44, 28, 6, , 9, 5, 
2018/6/20, 50, 33, 10, , 10, 6, 
2018/6/21, 63, 39, 12, , 7, 7, 
2018/6/22, 65, 26, 6, , 9, 8, 
2018/6/23, 39, 24, 14, , 6, 5, 
2018/6/24, 46, 23, 9, , 11, 29, 
2018/6/25, 33, 24, 6, , 13, 5, 
2018/6/26, 48, 23, 5, , 9, 5, 
2018/6/27, 39, 20, 10, , 9, 5, 
2018/6/28, 30, 18, 4, , 6, 4, 
2018/6/29, 29, 18, 8, , 5, 4, 
2018/6/30, 30, 20, 6, , 6, , 
2018/1/1, 17, 11, 8, 14, 1, 5, 
2018/1/2, 26, 22, 14, 18, 2, 6, 
2018/1/3, 45, 21, 9, 15, 2, 5, 
2018/1/4, 34, 20, 7, 17, 3, 5, 
2018/1/5, 42, 24, 14, 23, 4, 6, 
2018/1/6, 59, 23, 19, 15, 6, 4, 
2018/1/7, 41, 18, 11, 21, 5, 5, 
2018/1/8, 38, 21, 17, 19, 4, 4, 
2018/1/9, 47, 18, 3, 17, 3, 5, 
2018/1/10, 36, 13, 5, 11, 2, 5, 
2018/1/11, 22, 11, 9, 10, 1, 5, 
2018/1/12, 15, 11, 10, 12, 1, 6, 
2018/1/13, 25, 16, 19, 10, , 5, 
2018/1/14, 24, 16, 15, 12, , 5, 
2018/1/15, 26, 16, 18, 12, , 4, 
2018/1/16, 39, 24, 17, 13, , 3, 
2018/1/17, 34, 26, 17, 15, , 3, 
2018/1/18, 40, 26, 17, 16, 2, 4, 
2018/1/19, 49, 27, 20, 19, 2, 5, 
2018/1/20, 45, 29, 19, 12, 4, 4, 
2018/1/21, 34, 25, 20, 12, 4, 4, 
2018/1/22, 34, 25, 10, 13, 1, 5, 
2018/1/23, 38, 21, 14, 16, 1, 5, 
2018/1/24, 34, 22, 12, 16, 3, 5, 
2018/1/25, 38, 22, 7, 17, 4, 4, 
2018/1/26, 40, 20, 18, 12, 1, 4, 
2018/1/27, 30, 20, 18, 9, 2, 4, 
2018/1/28, 38, 27, 13, 13, 1, 5, 
2018/1/29, 33, 19, 21, 13, 4, 5, 
2018/1/30, 34, 17, 27, 10, 4, 4, 
2018/1/31, 36, 22, 15, 6, 2, 5, 
2018/2/1, 38, 21, 8, 8, 1, 5, 
2018/2/2, 39, 25, 19, 5, 1, 5, 
2018/2/3, 54, 60, 26, 4, , 5, 
2018/2/4, 61, 55, 26, 5, , 4, 
2018/2/5, 60, 43, 26, 7, 1, 4, 
2018/2/6, 58, 39, 26, 11, 1, 5, 
2018/2/7, 59, 39, 30, 6, 2, , 
2018/2/8, 66, 43, 38, 7, 2, , 
2018/2/9, 90, 43, 33, 7, 2, 4, 
2018/2/10, 71, 45, 42, 4, 2, 5, 
2018/2/11, 86, 42, 34, 6, 2, 5, 
2018/2/12, 62, 42, 22, 7, 2, 4, 
2018/2/13, 55, 37, 18, 8, 2, 5, 
2018/2/14, 60, 53, 25, 6, 2, 5, 
2018/2/15, 67, 37, 31, 10, 4, 5, 
2018/2/16, 81, 34, 24, 5, 6, 6, 
2018/2/17, 66, 34, 29, 6, 2, , 
2018/2/18, 84, 36, 19, 8, 2, 4, 
2018/2/19, 63, 31, 20, 7, 2, 4, 
2018/2/20, 57, 35, 19, 5, , 3, 
2018/2/21, 55, 27, 21, 5, 2, 4, 
2018/2/22, 46, 30, 9, 7, 1, 4, 
2018/2/23, 53, 30, 10, 6, 1, 5, 
2018/2/24, 42, 27, 13, 6, 1, 4, 
2018/2/25, 53, 37, 15, 6, , 4, 
2018/2/26, 60, 36, 13, 5, 1, 3, 
2018/2/27, 59, 33, 20, 7, 2, 4, 
2018/2/28, 57, 33, 14, 6, 3, 4, 
2018/3/1, 47, 28, 13, 8, 2, 5, 
2018/3/2, 52, 33, 14, 7, 2, 4, 
2018/3/3, 50, 31, 20, 8, 3, 5, 
2018/3/4, 50, 27, 16, 3, 3, 4, 
2018/3/5, 42, 30, 16, 8, 2, 4, 
2018/3/6, 56, 28, 8, 6, 4, 4, 
2018/3/7, 37, 23, 8, 4, 3, 5, 
2018/3/8, 43, 29, 14, 4, 2, 4, 
2018/3/9, 49, 31, 14, 3, 2, 4, 
2018/3/10, 50, 39, 21, 4, 2, 4, 
2018/3/11, 60, 39, 17, 5, 1, 5, 
2018/3/12, 61, 39, 19, 5, 1, , 
2018/3/13, 55, 38, 21, 5, 1, 4, 
2018/3/14, 57, 35, 24, 7, 2, 3, 
2018/3/15, 57, 35, 20, 6, 4, 4, 
2018/3/16, 55, 32, 22, 4, 2, 3, 
2018/3/17, 51, 29, 21, 5, 2, , 
2018/3/18, 39, 27, 19, 7, 2, 4, 
2018/3/19, 48, 31, 18, 8, 3, 4, 
2018/3/20, 51, 39, 24, 11, 4, 5, 
2018/3/21, 72, 33, 21, 6, 3, 4, 
2018/3/22, 44, 28, 17, 8, 2, , 
2018/3/23, 40, 28, 18, 6, 2, 4, 
2018/3/24, 55, 31, 18, 9, 2, 3, 
2018/3/25, 54, 22, 13, 11, 3, 4, 
2018/3/26, 47, 23, 5, 9, 3, 6, 
2018/3/27, 41, 29, 28, 17, 5, 7, 
2018/3/28, 71, 39, 6, 15, 7, 7, 
2018/3/29, 63, , , , , , 
2017/10/1, 60, 25, 12, 9, 10, 5, 
2017/10/2, 54, 28, 6, 17, 13, 6, 
2017/10/3, 80, 27, 6, 11, 11, 4, 
2017/10/4, 37, 20, 16, 10, 11, 5, 
2017/10/5, 45, 20, 11, 11, 7, 4, 
2017/10/6, 49, 28, 31, 15, 7, 6, 
2017/10/7, 72, 28, 16, 15, 8, 5, 
2017/10/8, 64, 28, 10, 12, 11, 5, 
2017/10/9, 58, 19, 10, 7, 16, 4, 
2017/10/10, 37, 18, 15, 9, 10, 4, 
2017/10/11, 39, 20, 3, 9, 20, 4, 
2017/10/12, 44, 19, 6, 9, 19, , 
2017/10/13, 39, 19, 2, 9, 5, 4, 
2017/10/14, 45, 31, 3, 5, 2, 6, 
2017/10/15, 77, 25, 4, 8, 3, 4, 
2017/10/16, 58, 26, 11, 11, 6, 3, 
2017/10/17, 57, 26, 20, 5, 14, 4, 
2017/10/18, 53, 29, 17, 9, 9, 4, 
2017/10/19, 74, 38, 12, 14, 13, 5, 
2017/10/20, 99, 36, 16, 11, 13, 4, 
2017/10/21, 76, 39, 10, 6, 6, 5, 
2017/10/22, 81, 31, 7, 11, 7, 6, 
2017/10/23, 70, 39, 12, 19, 6, 6, 
2017/10/24, 95, 46, 37, 18, 7, 6, 
2017/10/25, 96, 34, 22, 18, 7, 5, 
2017/10/26, 73, 40, 13, 19, 10, 7, 
2017/10/27, 85, 28, 25, 10, 8, 6, 
2017/10/28, 60, 23, 18, 12, 5, 6, 
2017/10/29, 51, 19, 12, 10, 3, 6, 
2017/10/30, 38, 18, 14, 10, 5, 7, 
2017/10/31, 44, 31, 22, 15, 3, 7, 
2017/11/1, 76, 27, 12, 14, 8, 5, 
2017/11/2, 56, 27, 11, 12, 16, 4, 
2017/11/3, 51, 23, 20, 11, 12, 5, 
2017/11/4, 58, 23, 17, 7, 9, 5, 
2017/11/5, 37, 20, 12, 14, 7, 5, 
2017/11/6, 52, 29, 9, 15, 8, 6, 
2017/11/7, 60, 31, 16, 8, 6, 6, 
2017/11/8, 41, 19, 26, 8, 4, 5, 
2017/11/9, 47, 19, 11, 12, 2, 6, 
2017/11/10, 36, 20, 8, 16, 7, 7, 
2017/11/11, 55, 25, 10, 11, 13, 7, 
2017/11/12, 43, 19, 18, 13, 11, 5, 
2017/11/13, 47, 26, 5, 10, 10, 5, 
2017/11/14, 36, 18, 11, 11, 5, 5, 
2017/11/15, 47, 32, 19, 17, 7, 6, 
2017/11/16, 85, 25, 9, 10, 4, 5, 
2017/11/17, 52, 23, 25, 10, 9, 5, 
2017/11/18, 51, 20, 21, 10, 5, 5, 
2017/11/19, 44, 25, 15, 15, 6, 6, 
2017/11/20, 56, 26, 5, 15, 5, 10, 
2017/11/21, 57, 30, 5, 10, 2, 8, 
2017/11/22, 60, 23, 4, 7, 2, 7, 
2017/11/23, 31, 17, 4, 7, 6, 6, 
2017/11/24, 24, 17, 4, 9, 7, 6, 
2017/11/25, 35, 19, 4, 9, 3, 6, 
2017/11/26, 32, 16, 4, 10, 3, 6, 
2017/11/27, 26, 14, 3, 9, 3, 6, 
2017/11/28, 32, 16, 3, 8, 2, 6, 
2017/11/29, 31, 16, 4, 4, 2, , 
2017/11/30, 27, 20, 8, 6, 2, 6, 
2017/12/1, 40, 21, 5, 8, 2, 5, 
2017/12/2, 37, 24, 4, 7, 2, 5, 
2017/12/3, 41, 26, 15, 19, 2, 5, 
2017/12/4, 52, 33, 15, 24, 4, 5, 
2017/12/5, 68, 28, 29, 25, 10, 5, 
2017/12/6, 59, 26, 13, 21, 10, 4, 
2017/12/7, 37, 21, 14, 11, 3, 4, 
2017/12/8, 24, 12, 12, 16, 1, 5, 
2017/12/9, 34, 33, 31, 15, 2, 5, 
2017/12/10, 67, 33, 24, 16, 2, 5, 
2017/12/11, 56, 27, 19, 21, 1, 6, 
2017/12/12, 53, 25, 22, 20, 2, 6, 
2017/12/13, 50, 25, 30, 22, 3, 5, 
2017/12/14, 57, 27, 24, 21, 5, 4, 
2017/12/15, 57, 23, 19, 17, 2, 5, 
2017/12/16, 58, 25, 23, 9, 2, 5, 
2017/12/17, 40, 27, 31, 9, 1, 5, 
2017/12/18, 53, 29, 26, 13, 2, 5, 
2017/12/19, 47, 23, 27, 13, 1, 6, 
2017/12/20, 54, 29, 32, 9, 1, 5, 
2017/12/21, 59, 28, 27, 15, 2, 5, 
2017/12/22, 55, 21, 31, 12, 3, 5, 
2017/12/23, 32, 17, 18, 9, 3, 4, 
2017/12/24, 24, 18, 18, 12, 2, , 
2017/12/25, 41, 19, 18, 14, 3, 5, 
2017/12/26, 30, 20, 19, 20, 4, 5, 
2017/12/27, 45, 18, 19, 15, 4, 4, 
2017/12/28, 32, 19, 14, 11, 2, 4, 
2017/12/29, 43, 21, 11, 10, 2, 4, 
2017/12/30, 41, 34, 7, 11, 1, 5, 
2017/12/31, 30, 11, 19, 13, 2, 3, 
2017/7/1, 26, 21, 13, 7, 8, 4, 
2017/7/2, 37, 25, 8, 8, 9, 4, 
2017/7/3, 42, 24, 11, 10, 10, 4, 
2017/7/4, 38, 19, 6, 11, 6, 4, 
2017/7/5, 36, 15, 11, 9, 7, , 
2017/7/6, 37, 19, 13, 10, 6, , 
2017/7/7, 43, 26, 12, 11, 5, 5, 
2017/7/8, 57, 28, 10, 8, 5, 4, 
2017/7/9, 40, 16, 12, 9, 6, 4, 
2017/7/10, 31, 21, 11, 12, 11, 3, 
2017/7/11, 49, 25, 7, 9, 7, 4, 
2017/7/12, 37, 22, 13, 12, 5, 4, 
2017/7/13, 49, 23, 8, 15, 5, 5, 
2017/7/14, 62, 26, 15, 12, 9, 4, 
2017/7/15, 62, 26, 16, 5, 5, 3, 
2017/7/16, 44, 18, 22, 7, 3, 3, 
2017/7/17, 53, 26, 18, 8, 3, , 
2017/7/18, 55, 21, 16, 8, 2, , 
2017/7/19, 44, 19, 14, 10, 4, 4, 
2017/7/20, 37, 20, 21, 7, 4, 4, 
2017/7/21, 41, 20, 15, 7, 3, 4, 
2017/7/22, 47, 22, 15, 7, 4, 4, 
2017/7/23, 50, 19, 15, 6, 3, 4, 
2017/7/24, 47, 26, 21, 7, 3, 4, 
2017/7/25, 63, 32, 22, 10, 2, 4, 
2017/7/26, 68, 30, 22, 9, 3, 4, 
2017/7/27, 70, 31, 23, 8, 3, 4, 
2017/7/28, 65, 34, 16, 7, 3, 4, 
2017/7/29, 57, 20, 13, 6, 3, 4, 
2017/7/30, 40, 17, 11, 4, 3, , 
2017/7/31, 44, 25, 15, 6, 3, 4, 
2017/8/1, 58, 29, 26, 5, 3, 3, 
2017/8/2, 66, 30, 23, 5, 2, 3, 
2017/8/3, 63, 27, 20, 5, 3, , 
2017/8/4, 53, 27, 21, 5, 2, 4, 
2017/8/5, 56, 27, 17, 5, 2, 4, 
2017/8/6, 45, 22, 9, 8, 6, 4, 
2017/8/7, 42, 20, 8, 9, 6, 5, 
2017/8/8, 43, 15, 13, 8, 6, 4, 
2017/8/9, 25, 16, 10, 13, 7, 6, 
2017/8/10, 54, 18, 4, 11, 6, 4, 
2017/8/11, 43, 32, 3, 14, 7, 5, 
2017/8/12, 49, 28, 7, 11, 13, 4, 
2017/8/13, 34, 17, 11, 9, 8, 4, 
2017/8/14, 32, 14, 6, 10, 6, 4, 
2017/8/15, 33, 17, 13, 10, 8, 4, 
2017/8/16, 46, 25, 23, 10, 7, 4, 
2017/8/17, 60, 23, 15, 14, 3, 5, 
2017/8/18, 49, 22, 13, 7, 2, 3, 
2017/8/19, 45, 20, 11, 5, 3, 3, 
2017/8/20, 32, 19, 13, 5, 4, 2, 
2017/8/21, 34, 19, 11, 8, 5, 3, 
2017/8/22, 32, 21, 20, 8, 6, 3, 
2017/8/23, 61, 26, 14, 8, 5, 3, 
2017/8/24, 53, 20, 12, 7, 5, 3, 
2017/8/25, 39, 14, 15, 5, 4, , 
2017/8/26, 36, 18, 12, 6, 4, 4, 
2017/8/27, 42, 29, 11, 6, 4, 4, 
2017/8/28, 49, 25, 5, 11, 8, 5, 
2017/8/29, 54, 18, 20, 10, 7, 4, 
2017/8/30, 35, 17, 15, 7, 4, 4, 
2017/8/31, 33, 16, 18, 4, 4, 4, 
2017/9/1, 43, 27, 26, 5, 4, , 
2017/9/2, 68, 28, 16, 3, 5, 3, 
2017/9/3, 53, 22, 11, 6, 4, 4, 
2017/9/4, 48, 23, 10, 7, 5, 4, 
2017/9/5, 50, 22, 3, 8, 6, , 
2017/9/6, 46, , , , , , 
2017/9/11, 63, 30, 35, 8, 7, 6, 
2017/9/12, 75, 32, 24, 6, 6, 4, 
2017/9/13, 67, 29, 15, 7, 6, 4, 
2017/9/14, 59, 28, 8, 12, 8, 5, 
2017/9/15, 67, 28, 10, 10, 11, 5, 
2017/9/16, 50, 15, 13, 5, 13, 4, 
2017/9/17, 26, 11, 9, 7, 5, 4, 
2017/9/18, 30, 19, 6, 13, 7, 5, 
2017/9/19, 44, 22, 10, 12, 11, 5, 
2017/9/20, 46, 16, 6, 5, 12, 4, 
2017/9/21, 28, 16, 18, 7, 8, 4, 
2017/9/22, 43, 27, 18, 7, 6, 5, 
2017/9/23, 64, 26, 17, 8, 8, 5, 
2017/9/24, 57, 22, 16, 9, 10, 4, 
2017/9/25, 42, 20, 10, 10, 7, 5, 
2017/9/26, 41, 32, 8, 20, 11, 8, 
2017/9/27, 74, 25, 21, 14, 18, 4, 
2017/9/28, 60, 25, 9, 15, 12, 4, 
2017/9/29, 46, 19, 10, 10, 16, 4, 
2017/9/30, 45, 22, 6, 11, 14, 4, 
2017/4/1, 70, 28, 16, 12, 7, 5, 
2017/4/2, 51, 25, 16, 7, 10, 4, 
2017/4/3, 43, 23, 16, 10, 8, 4, 
2017/4/4, 52, 24, 17, 7, 13, 5, 
2017/4/5, 42, 21, 27, 9, 8, 5, 
2017/4/6, 49, 22, 20, 10, 2, 5, 
2017/4/7, 38, 27, 10, 19, 6, 5, 
2017/4/8, 66, 41, 33, 19, 16, 6, 
2017/4/9, 84, 35, 15, 16, 6, 6, 
2017/4/10, 72, 32, 26, 16, 20, 4, 
2017/4/11, 73, 36, 17, 13, 17, 4, 
2017/4/12, 63, 27, 10, 10, 12, 5, 
2017/4/13, 52, 29, 14, 12, 6, 7, 
2017/4/14, 59, 25, 13, 10, 3, 7, 
2017/4/15, 56, 30, 34, 8, 2, 7, 
2017/4/16, 65, 31, 17, 9, 3, 6, 
2017/4/17, 59, 32, 8, 15, 4, 8, 
2017/4/18, 60, 29, 29, 24, 7, 8, 
2017/4/19, 84, 51, 24, 27, 18, 9, 
2017/4/20, 116, 58, 7, 21, 18, 7, 
2017/4/21, 95, 36, 8, 11, 19, 6, 
2017/4/22, 54, 33, 9, 15, 13, 6, 
2017/4/23, 79, 34, 5, 12, 18, 6, 
2017/4/24, 61, 42, 11, 25, 10, 9, 
2017/4/25, 102, 48, 14, 20, 14, 8, 
2017/4/26, 85, 34, 24, 14, 22, 6, 
2017/4/27, 71, 37, 23, 17, 14, 6, 
2017/4/28, 62, 33, 9, 17, 17, 5, 
2017/4/29, 79, 40, 27, 13, 21, 7, 
2017/4/30, 68, 28, 19, 7, 9, 5, 
2017/5/1, 45, 29, 11, 13, 10, 6, 
2017/5/2, 68, 31, 11, 13, 16, 6, 
2017/5/3, 67, 35, 12, 10, 18, 4, 
2017/5/4, 54, 36, 19, 12, 14, 4, 
2017/5/5, 77, 33, 17, 11, 13, 3, 
2017/5/6, 62, 33, 19, 13, 16, 4, 
2017/5/7, 71, 33, 24, 13, 21, 3, 
2017/5/8, 72, 30, 17, 7, 14, 1, 
2017/5/9, 47, 24, 8, 7, 9, 2, 
2017/5/10, 45, 22, 11, 8, 17, 2, 
2017/5/11, 46, 28, 6, 7, 11, 4, 
2017/5/12, 60, 30, 11, 9, 11, 4, 
2017/5/13, 63, 31, 15, 7, 9, 4, 
2017/5/14, 38, 23, 7, 8, 7, 4, 
2017/5/15, 55, 26, 9, 6, 10, 4, 
2017/5/16, 48, 24, 15, 6, 7, 4, 
2017/5/17, 48, 26, 9, 4, 5, 4, 
2017/5/18, 43, 24, 10, 7, 6, 4, 
2017/5/19, 42, 24, 11, 7, 6, 4, 
2017/5/20, 59, 26, 12, 8, 6, 5, 
2017/5/21, 55, 26, 9, 8, 9, 4, 
2017/5/22, 41, 20, 13, 6, 6, 3, 
2017/5/23, 44, 26, 10, 8, 4, 3, 
2017/5/24, 49, 24, 8, 9, 5, 5, 
2017/5/25, 50, 31, 8, 10, 7, 3, 
2017/5/26, 57, 33, 10, 11, 10, 4, 
2017/5/27, 68, 34, 10, 6, 9, 2, 
2017/5/28, 45, 18, 10, 5, 6, 2, 
2017/5/29, 36, 22, 4, 12, 7, 2, 
2017/5/30, 54, 31, 11, 13, 22, 2, 
2017/5/31, 62, 28, 8, 13, 16, 2, 
2017/6/1, 53, 22, 9, 7, 13, 1, 
2017/6/2, 33, 20, 13, 6, 7, , 
2017/6/3, 35, 25, 20, 6, 5, , 
2017/6/4, 50, 26, 11, 6, 5, , 
2017/6/5, 52, 32, 12, 8, 6, , 
2017/6/6, 68, 42, 20, 7, 7, 2, 
2017/6/7, 64, 31, 17, 6, 7, , 
2017/6/8, 52, 28, 17, 4, 6, 2, 
2017/6/9, 52, 29, 13, 7, 6, , 
2017/6/10, 57, 30, 12, 8, 10, 3, 
2017/6/11, 50, 19, 13, 13, 10, 2, 
2017/6/12, 30, 13, 14, 13, 9, 4, 
2017/6/13, 31, 16, 12, 14, 9, 4, 
2017/6/14, 43, 19, 18, 12, 18, 3, 
2017/6/15, 46, 26, 10, 14, 6, 4, 
2017/6/16, 59, 24, 16, 10, 7, 3, 
2017/6/17, 53, 21, 11, 9, 6, 3, 
2017/6/18, 39, 19, 8, 9, 12, 3, 
2017/6/19, 35, 19, 12, 10, 7, 3, 
2017/6/20, 44, 20, 12, 11, 5, 3, 
2017/6/21, 51, 27, 11, 11, 6, 4, 
2017/6/22, 41, 28, 6, 10, 6, 4, 
2017/6/23, 39, 23, 11, 14, 13, 4, 
2017/6/24, 50, 26, 8, 18, 11, 5, 
2017/6/25, 44, 26, 29, 21, 11, , 
2017/6/26, 64, 31, 21, 22, 12, 6, 
2017/6/27, 46, 28, 17, 14, 11, 7, 
2017/6/28, 53, 26, 6, 14, 14, 5, 
2017/6/29, 48, 16, 10, 8, 18, 4, 
2017/6/30, 31, 17, 14, 6, 8, , 
2017/1/2, 38, 19, 7, 8, 2, 7, 
2017/1/3, 33, 14, 14, 6, 2, 5, 
2017/1/4, 25, 16, 13, 6, 2, 5, 
2017/1/5, 28, 20, 13, 12, 3, 6, 
2017/1/6, 51, 24, 18, 10, 14, 6, 
2017/1/7, 49, 26, 20, 8, 18, 6, 
2017/1/8, 50, 21, 20, 9, 10, 7, 
2017/1/9, 44, 26, 17, 8, 6, 6, 
2017/1/10, 47, 26, 13, 9, 4, 6, 
2017/1/11, 54, 27, 14, 9, 6, 6, 
2017/1/12, 56, 30, 16, 13, 6, 5, 
2017/1/13, 64, 32, 15, 18, 13, 5, 
2017/1/14, 63, 33, 20, 8, 19, 5, 
2017/1/15, 51, 22, 19, 9, 5, 6, 
2017/1/16, 43, 28, 16, 15, 8, 7, 
2017/1/17, 56, 24, 13, 11, 7, 6, 
2017/1/18, 44, 20, 15, 10, 2, 7, 
2017/1/19, 43, 21, 6, 12, 5, 8, 
2017/1/20, 42, 22, 8, 10, 16, 6, 
2017/1/21, 39, 14, 10, 6, 3, 6, 
2017/1/22, 27, 17, 4, 6, 2, 7, 
2017/1/23, 23, 11, 2, 5, 1, 8, 
2017/1/24, 19, 10, 7, 6, 1, 6, 
2017/1/25, 23, 17, 10, 5, 2, 5, 
2017/1/26, 33, 22, 11, 6, 1, 6, 
2017/1/27, 44, 27, 13, 5, 2, 6, 
2017/1/28, 38, 20, 12, 6, 1, 5, 
2017/1/29, 34, 19, 8, 6, 1, 6, 
2017/1/30, 30, 19, 8, 6, 2, 5, 
2017/1/31, 36, 23, 13, 7, 2, 5, 
2017/2/1, 48, 31, 18, 9, 5, 4, 
2017/2/2, 71, 29, 13, 7, 8, 2, 
2017/2/3, 42, 18, 16, 8, 4, 3, 
2017/2/4, 35, 18, 15, 7, 5, 3, 
2017/2/5, 38, 18, 16, 6, 6, , 
2017/2/6, 34, 20, 15, 13, 3, 3, 
2017/2/7, 40, 21, 17, 17, 2, 4, 
2017/2/8, 54, 27, 27, 19, 11, 7, 
2017/2/9, 63, 22, 26, 11, 22, 5, 
2017/2/10, 55, 30, 21, 7, 1, 2, 
2017/2/11, 56, 38, 23, 6, 1, 2, 
2017/2/12, 64, 34, 20, 7, , , 
2017/2/13, 58, 39, 18, 6, , 1, 
2017/2/14, 57, 27, 13, 8, , 2, 
2017/2/15, 36, 31, 16, 8, , 2, 
2017/2/16, 54, 40, 20, 9, , 1, 
2017/2/17, 56, 35, 15, 7, , 2, 
2017/2/18, 46, 34, 19, 5, , 2, 
2017/2/19, 56, 34, 14, 8, , , 
2017/2/20, 46, 28, 9, 10, 2, 2, 
2017/2/21, 42, 27, 17, 8, 2, 2, 
2017/2/22, 49, 24, 15, 14, 3, 2, 
2017/2/23, 55, 31, 5, 15, 6, 3, 
2017/2/24, 59, 20, 12, 11, 6, 3, 
2017/2/25, 40, 25, 15, 8, 3, 3, 
2017/2/26, 51, 21, 13, 6, 2, 2, 
2017/2/27, 38, 24, 11, 7, 2, 2, 
2017/2/28, 49, 22, 7, 9, 2, 2, 
2017/3/1, 27, 15, 15, 6, 1, 1, 
2017/3/2, 38, 33, 12, 6, 1, 2, 
2017/3/3, 53, 26, 9, 9, 2, 3, 
2017/3/4, 58, 36, 18, 6, 1, 2, 
2017/3/5, 68, 34, 19, 9, 2, 3, 
2017/3/6, 66, 31, 25, 12, 4, 3, 
2017/3/7, 69, 33, 28, 5, 7, 2, 
2017/3/8, 65, 33, 35, 7, 2, 1, 
2017/3/9, 76, 34, 25, 5, 2, , 
2017/3/10, 61, 35, 22, 8, 2, 2, 
2017/3/11, 64, 31, 29, 13, 3, 2, 
2017/3/12, 70, 44, 33, 13, 14, 3, 
2017/3/13, 95, 47, 27, 13, 10, 2, 
2017/3/14, 79, 37, 42, 25, 17, 3, 
2017/3/15, 89, 42, 26, 8, 14, 2, 
2017/3/16, 58, 35, 18, 18, 4, 3, 
2017/3/17, 78, 38, 26, 9, 4, 2, 
2017/3/18, 82, 38, 23, 13, 3, 2, 
2017/3/19, 84, 33, 17, 10, 3, 2, 
2017/3/20, 48, 25, 31, 13, 2, 3, 
2017/3/21, 59, 27, 14, 9, 3, 3, 
2017/3/22, 41, 29, 23, 7, 2, 3, 
2017/3/23, 69, 32, 35, 13, 6, 2, 
2017/3/24, 87, 46, 30, 13, 12, 1, 
2017/3/25, 73, 38, 26, 8, 2, 3, 
2017/3/26, 69, 29, 18, 6, 2, 6, 
2017/3/27, 46, 27, 6, 11, 2, 8, 
2017/3/28, 51, 28, 17, 14, 1, 6, 
2017/3/29, 61, 29, 6, 15, 5, 7, 
2017/3/30, 58, 27, 19, 20, 6, 7, 
2017/3/31, 61, 42, 15, 22, 8, 7, 
2016/10/1, 66, 32, 15, 17, 18, 2, 56
2016/10/2, 69, 38, 10, 19, 27, 2, 59
2016/10/3, 66, 36, 20, 17, 17, 2, 61
2016/10/4, 80, 47, 20, 21, 21, 4, 74
2016/10/5, 97, 43, 10, 13, 22, 3, 71
2016/10/6, 92, 36, 2, 9, 18, 2, 55
2016/10/7, 59, 23, 8, 9, 18, 2, 45
2016/10/8, 52, 31, 11, 11, 31, 2, 53
2016/10/9, 56, 27, 16, 9, 16, 2, 57
2016/10/10, 60, 27, 20, 5, 11, 2, 48
2016/10/11, 48, 23, 20, 5, 5, 1, 39
2016/10/12, 37, 22, 12, 7, 9, , 37
2016/10/13, 36, 26, 7, 9, 17, 2, 45
2016/10/14, 55, 28, 12, 10, 23, 2, 47
2016/10/15, 54, 27, 7, 6, 24, 2, 40
2016/10/16, 49, 20, 6, 8, 20, 2, 35
2016/10/17, 40, 22, 10, 7, 14, 2, 48
2016/10/18, 45, 23, 5, 13, 13, 2, 46
2016/10/19, 51, 26, 17, 10, 21, 3, 57
2016/10/20, 60, 28, 16, 11, 13, 2, 57
2016/10/21, 53, 22, 10, 8, 10, 2, 48
2016/10/22, 42, 26, 23, 14, 7, 3, 60
2016/10/23, 73, 41, 6, 16, 12, 3, 62
2016/10/24, 80, 35, 12, 19, 13, 4, 57
2016/10/25, 69, 26, 12, 16, 14, 2, 46
2016/10/26, 54, 24, 3, 13, 14, 3, 46
2016/10/27, 48, 27, 5, 18, 8, 4, 59
2016/10/28, 69, 33, 3, 13, 12, 3, 61
2016/10/29, 64, 19, 5, 8, 17, 2, 36
2016/10/30, 31, 22, 8, 11, 12, 3, 53
2016/10/31, 59, 24, 10, 12, 14, 2, 48
2016/11/1, 46, 25, 12, 15, 8, 3, 47
2016/11/2, 50, 23, 13, 8, 8, 3, 36
2016/11/3, 32, 17, 7, 12, 10, 2, 41
2016/11/4, 50, 23, 5, 12, 18, 2, 44
2016/11/5, 48, 18, 13, 5, 25, 1, 27
2016/11/6, 29, 26, 8, 12, 9, 2, 54
2016/11/7, 65, 27, 9, 10, 18, 2, 54
2016/11/8, 49, 33, 18, 13, 19, , 57
2016/11/9, 65, 28, 11, 13, 14, 2, 56
2016/11/10, 55, 31, 4, 16, 9, 4, 52
2016/11/11, 58, 24, 13, 14, 4, 3, 52
2016/11/12, 55, 26, 10, 9, 6, 3, 42
2016/11/13, 46, 20, 2, 11, 6, 3, 39
2016/11/14, 40, 18, 13, 8, 3, 2, 44
2016/11/15, 40, 22, 6, 15, 11, 2, 47
2016/11/16, 48, 26, 9, 17, 18, 3, 50
2016/11/17, 56, 25, 13, 16, 8, 3, 51
2016/11/18, 50, 30, 9, 17, 10, 3, 61
2016/11/19, 64, 27, 14, 14, 11, 2, 60
2016/11/20, 56, 23, 11, 10, 13, 2, 44
2016/11/21, 47, 23, 4, 13, 19, , 51
2016/11/22, 49, 19, 5, 8, 21, , 35
2016/11/23, 34, 19, 12, 12, 22, 2, 48
2016/11/24, 46, 25, 19, 15, 14, 3, 49
2016/11/25, 50, 27, 9, 12, 6, 3, 50
2016/11/26, 50, 21, 10, 6, 5, 3, 36
2016/11/27, 33, 14, 9, 4, 2, , 28
2016/11/28, 25, 16, 4, 5, 1, 2, 33
2016/11/29, 33, 17, 13, 4, 1, 3, 29
2016/11/30, 25, 17, 8, 10, 6, 4, 34
2016/12/1, 37, 16, 9, 9, 11, 3, 33
2016/12/2, 31, 20, 10, 11, 15, 4, 43
2016/12/3, 47, 38, 14, 12, 21, 3, 54
2016/12/4, 57, 37, 10, 7, 12, 2, 46
2016/12/5, 50, 32, 19, 14, 12, 4, 52
2016/12/6, 57, 26, 16, 11, 12, 3, 41
2016/12/7, 49, 19, 20, 5, 5, 3, 
2016/12/8, 38, 20, 11, 7, 2, 3, 
2016/12/9, 38, 20, 14, 7, 2, 4, 
2016/12/10, 37, 17, 14, 4, 2, 3, 
2016/12/11, 29, 14, 18, 3, 2, 3, 
2016/12/12, 29, 21, 26, 6, 3, 4, 
2016/12/13, 59, 27, 20, 9, 3, 4, 
2016/12/14, 49, 29, 22, 8, 4, 3, 
2016/12/15, 68, 37, 19, 13, 7, 3, 
2016/12/16, 76, 35, 12, 10, 8, 3, 
2016/12/17, 59, 22, 18, 6, 2, 2, 
2016/12/18, 39, 20, 19, 7, 3, 3, 
2016/12/19, 41, 17, 17, 5, 3, 3, 
2016/12/20, 26, 14, 24, 6, 2, 4, 
2016/12/21, 34, 19, 12, 9, 3, 4, 
2016/12/22, 37, 20, 12, 8, 3, 7, 
2016/12/23, 37, 16, 14, 7, 3, 8, 
2016/12/24, 28, 14, 13, 6, 1, 5, 
2016/12/25, 28, 13, 12, 5, 1, 5, 
2016/12/26, 20, 11, 10, 6, 1, 5, 
2016/12/27, 22, 13, 6, 8, 1, 6, 
2016/12/28, 31, 15, 7, 8, , 6, 
2016/12/29, 47, 29, 19, 7, , 5, 
2016/12/30, 38, 15, 12, 5, , 6, 
2016/12/31, 31, 22, 25, 10, , , 
2017/1/1, 38, 23, 9, 10, 2, 5, 
2016/7/1, 56, 34, 16, 10, 7, 2, 57
2016/7/2, 60, 35, 17, 9, 8, 1, 52
2016/7/3, 53, 29, 14, 10, 9, 2, 48
2016/7/4, 47, 26, 9, 8, 8, 2, 45
2016/7/5, 43, 22, 9, 10, 9, 2, 46
2016/7/6, 46, 26, 9, 13, 18, 2, 53
2016/7/7, 55, 22, 7, 12, 5, 2, 43
2016/7/8, 40, 22, 11, 9, 1, 2, 47
2016/7/9, 41, 20, 11, 10, 1, 2, 42
2016/7/10, 36, 21, 5, 14, 2, 2, 50
2016/7/11, 44, 19, 9, 13, 1, 1, 48
2016/7/12, 42, 21, 5, 16, 8, 2, 44
2016/7/13, 46, 24, 4, 18, 19, 2, 55
2016/7/14, 53, 23, 4, 18, 15, 2, 48
2016/7/15, 46, 22, 20, 20, 21, 2, 54
2016/7/16, 57, 24, 32, 16, 17, 2, 50
2016/7/17, 53, 30, 9, 24, 17, 3, 56
2016/7/18, 67, 25, 13, 14, 18, 2, 36
2016/7/19, 38, 20, 9, 18, 18, 2, 44
2016/7/20, 48, 25, 13, 20, 21, 2, 50
2016/7/21, 55, 26, 4, 26, 20, 3, 59
2016/7/22, 65, 23, 9, 19, 16, 2, 44
2016/7/23, 40, 17, 5, 16, 8, 4, 38
2016/7/24, 33, 17, 5, 19, 12, 3, 43
2016/7/25, 41, 24, 2, 19, 16, 3, 52
2016/7/26, 46, 21, 14, 18, 13, 4, 56
2016/7/27, 54, 28, 13, 18, 10, 3, 56
2016/7/28, 58, 24, 13, 18, 15, 2, 50
2016/7/29, 52, 21, 12, 11, 11, 1, 51
2016/7/30, 44, 22, 10, 13, 8, 2, 48
2016/7/31, 43, 25, 13, 21, 16, 2, 56
2016/8/1, 62, 25, 17, 12, 25, 1, 52
2016/8/2, 55, 28, 11, 13, 13, 2, 50
2016/8/3, 49, 25, 12, 12, 11, 1, 45
2016/8/4, 47, 25, 17, 12, 9, , 55
2016/8/5, 57, 30, 15, 15, 8, 2, 56
2016/8/6, 60, 32, 16, 10, 8, 2, 59
2016/8/7, 66, 33, 15, 13, 9, 2, 61
2016/8/8, 70, 38, 16, 15, 17, 3, 64
2016/8/9, 74, 26, 11, 11, 15, 2, 44
2016/8/10, 44, 24, 10, 13, 10, 2, 53
2016/8/11, 55, 24, 9, 13, 13, 2, 52
2016/8/12, 50, 30, 18, 18, 11, 2, 61
2016/8/13, 75, 33, 14, 15, 20, 3, 58
2016/8/14, 63, 28, 13, 11, 17, 2, 48
2016/8/15, 49, 19, 10, 9, 8, , 37
2016/8/16, 37, 23, 8, 9, 8, 2, 46
2016/8/17, 42, 25, 8, 8, 8, , 49
2016/8/18, 41, 25, 8, 10, 8, , 43
2016/8/19, 48, 21, 10, 9, 8, , 44
2016/8/20, 40, 22, 6, 10, 8, 2, 42
2016/8/21, 38, 20, 9, 13, 9, 2, 45
2016/8/22, 49, 31, 13, 17, 18, 3, 63
2016/8/23, 70, 31, 8, 9, 15, 2, 43
2016/8/24, 44, 18, 12, 10, 10, 1, 40
2016/8/25, 44, 41, 26, 16, 13, 6, 103
2016/8/26, 119, 57, 10, 18, 12, 4, 82
2016/8/27, 74, 41, 16, 14, 14, 3, 77
2016/8/28, 91, 37, 13, 8, 6, 2, 65
2016/8/29, 54, 22, 6, 13, 9, 2, 49
2016/8/30, 48, 23, 7, 13, 16, 2, 56
2016/8/31, 52, 27, 5, 17, 11, 3, 55
2016/9/1, 63, 24, 11, 13, 14, 3, 50
2016/9/2, 50, 30, 11, 15, 12, 3, 61
2016/9/3, 69, 32, 17, 17, 14, 2, 64
2016/9/4, 74, 49, 12, 23, 18, 3, 69
2016/9/5, 91, 31, 12, 10, 20, 2, 53
2016/9/6, 58, 24, 6, 9, 12, , 46
2016/9/7, 46, 23, 9, 7, 6, 2, 52
2016/9/8, 52, 23, 9, 8, 6, 2, 53
2016/9/9, 56, 30, 9, 9, 5, 4, 55
2016/9/10, 60, 24, 10, 10, 7, 2, 48
2016/9/11, 45, 25, 8, 18, 15, 2, 52
2016/9/12, 61, 27, 11, 11, 12, 2, 51
2016/9/13, 44, 25, 4, 14, 9, 2, 40
2016/9/14, 48, 23, 11, 11, 14, 2, 54
2016/9/15, 49, 23, 8, 14, 17, 3, 47
2016/9/16, 48, 24, 13, 13, 22, 2, 48
2016/9/17, 51, 31, 14, 18, 18, 2, 58
2016/9/18, 68, 28, 8, 13, 29, 2, 46
2016/9/19, 52, 22, 10, 10, 20, 3, 37
2016/9/20, 43, 23, 9, 12, 13, 2, 46
2016/9/21, 50, 33, 21, 16, 12, 3, 61
2016/9/22, 68, 31, 14, 18, 18, 2, 53
2016/9/23, 59, 33, 18, 20, 27, 2, 60
2016/9/24, 71, 30, 19, 15, 27, 1, 50
2016/9/25, 57, 32, 15, 17, 22, 2, 60
2016/9/26, 74, 44, 15, 29, 20, 3, 70
2016/9/27, 93, 43, 21, 14, 19, 2, 61
2016/9/28, 64, 29, 17, 12, 7, 2, 49
2016/9/29, 51, 29, 17, 21, 7, 3, 61
2016/9/30, 69, 38, 11, 22, 13, 3, 57
2016/4/1, 76, 33, 16, 5, 1, 3, 60
2016/4/2, 65, 31, 12, 5, 2, 3, 52
2016/4/3, 51, 25, 13, 6, 2, 3, 57
2016/4/4, 62, 26, 11, 7, 2, , 53
2016/4/5, 56, 29, 13, 8, 3, 3, 57
2016/4/6, 60, 31, 19, 11, 4, 2, 60
2016/4/7, 72, 35, 19, 10, 4, 2, 61
2016/4/8, 69, 33, 10, 15, 3, 3, 60
2016/4/9, 65, 43, 19, 13, 3, 4, 64
2016/4/10, 84, 33, 14, 14, 4, 3, 60
2016/4/11, 71, 46, 12, 20, 13, 4, 68
2016/4/12, 95, 38, 15, 15, 10, 3, 62
2016/4/13, 75, 44, 14, 21, 17, 4, 63
2016/4/14, 82, 36, 10, 18, 19, 3, 51
2016/4/15, 62, 28, 20, 16, 17, 3, 57
2016/4/16, 56, 26, 17, 12, 6, 3, 51
2016/4/17, 52, 29, 20, 16, 15, 3, 62
2016/4/18, 74, 33, 18, 6, 7, 3, 59
2016/4/19, 62, 33, 11, 11, 2, 3, 62
2016/4/20, 72, 31, 27, 9, 5, 3, 59
2016/4/21, 66, 31, 14, 10, 3, 2, 56
2016/4/22, 61, 30, 11, 11, 6, 3, 52
2016/4/23, 54, 29, 12, 4, 4, 3, 53
2016/4/24, 53, 21, 12, 10, 5, 3, 48
2016/4/25, 49, 24, 12, 12, 6, 3, 53
2016/4/26, 53, 30, 17, 18, 9, 4, 62
2016/4/27, 59, 28, 15, 18, 6, 4, 64
2016/4/28, 63, 30, 10, 20, 6, 4, 63
2016/4/29, 66, 46, 31, 26, 8, 6, 73
2016/4/30, 107, 46, 16, 17, 9, 5, 63
2016/5/1, 73, 23, 14, 10, 5, 2, 47
2016/5/2, 43, 21, 13, 12, 5, 4, 53
2016/5/3, 47, 21, 15, 12, 5, 2, 42
2016/5/4, 38, 23, 12, 14, 4, 3, 53
2016/5/5, 59, 33, 14, 15, 4, 4, 57
2016/5/6, 57, 29, 7, 13, 4, 4, 56
2016/5/7, 57, 30, 11, 15, 7, 5, 55
2016/5/8, 63, 34, 8, 16, 6, 5, 59
2016/5/9, 69, 23, 9, 8, 4, 2, 39
2016/5/10, 36, 21, 6, 11, 6, 3, 52
2016/5/11, 54, 29, 6, 10, 10, 4, 54
2016/5/12, 54, 24, 3, 9, 6, 4, 51
2016/5/13, 51, 27, 3, 9, 8, 5, 53
2016/5/14, 58, 26, 9, 7, 10, 5, 54
2016/5/15, 57, 26, 9, 6, 6, 4, 48
2016/5/16, 49, 35, 8, 13, 14, 6, 66
2016/5/17, 84, 34, 7, 9, 12, 4, 54
2016/5/18, 45, 26, 6, 9, 7, 5, 55
2016/5/19, 56, 26, 7, 9, 10, 3, 47
2016/5/20, 45, 28, 9, 6, 11, 3, 41
2016/5/21, 45, 21, 10, 7, 10, 3, 37
2016/5/22, 42, 21, 11, 7, 13, 3, 45
2016/5/23, 40, 26, 8, 8, 5, 3, 46
2016/5/24, 45, 23, 9, 7, 6, 3, 43
2016/5/25, 46, 22, 6, 7, 8, 2, 39
2016/5/26, 34, 18, 6, 7, 5, 3, 36
2016/5/27, 39, 20, 7, 7, 3, 3, 40
2016/5/28, 40, 20, 9, 8, 6, 4, 46
2016/5/29, 48, 25, 7, 7, 13, 3, 45
2016/5/30, 47, 22, 15, 16, 11, 3, 50
2016/5/31, 54, 33, 17, 20, 15, 3, 59
2016/6/1, 58, 27, 11, 23, 10, 4, 58
2016/6/2, 62, 30, 13, 23, 10, 4, 60
2016/6/3, 56, 35, 2, 28, 7, 6, 62
2016/6/4, 70, 31, 19, 17, 10, 5, 59
2016/6/5, 64, 26, 15, 13, 9, 3, 51
2016/6/6, 47, 23, 13, 14, 6, 3, 53
2016/6/7, 52, 32, 5, 22, 7, 5, 59
2016/6/8, 70, 36, 11, 21, 12, 5, 65
2016/6/9, 80, 33, 9, 21, 9, 4, 60
2016/6/10, 67, 27, 9, 16, 11, 3, 49
2016/6/11, 46, 18, 14, 12, 6, 2, 34
2016/6/12, 32, 17, 12, 12, 8, 3, 44
2016/6/13, 37, 25, 10, 15, 10, 3, 55
2016/6/14, 57, 25, 7, 18, 12, 3, 52
2016/6/15, 54, 21, 5, 15, 17, 3, 46
2016/6/16, 39, 17, 4, 14, 13, 3, 38
2016/6/17, 32, 20, 5, 20, 16, 3, 42
2016/6/18, 48, 30, 14, 17, 8, 4, 51
2016/6/19, 59, 27, 16, 18, 9, 4, 53
2016/6/20, 51, 26, 14, 22, 13, 3, 52
2016/6/21, 56, 30, 7, 19, 12, 3, 55
2016/6/22, 54, 25, 10, 15, 11, 3, 49
2016/6/23, 47, 22, 7, 15, 8, 3, 44
2016/6/24, 40, 21, 11, 13, 9, 3, 47
2016/6/25, 48, 18, 12, 13, 6, , 39
2016/6/26, 40, 20, 7, 14, 7, 2, 38
2016/6/27, 36, 19, 15, 16, 9, 2, 43
2016/6/28, 49, 31, 13, 16, 16, 3, 52
2016/6/29, 57, 34, 19, 15, 16, 2, 55
2016/6/30, 59, 32, 17, 10, 9, 2, 57
2016/1/4, 38, 22, 16, 7, 2, 3, 36
2016/1/5, 34, 20, 15, 9, 1, 2, 36
2016/1/6, 33, 22, 17, 10, 2, , 41
2016/1/7, 39, 23, 16, 8, 2, , 38
2016/1/8, 33, 23, 16, 9, 2, , 39
2016/1/9, 39, 24, 17, 7, 2, 3, 41
2016/1/10, 38, 24, 13, 11, 1, 3, 44
2016/1/11, 45, 28, 13, 7, 2, 3, 40
2016/1/12, 43, 24, 17, 6, 2, 2, 44
2016/1/13, 39, 22, 14, 7, 2, 2, 41
2016/1/14, 39, 22, 9, 18, 3, 3, 43
2016/1/15, 43, 30, 10, 32, 6, 5, 57
2016/1/16, 65, 31, 13, 22, 3, 3, 49
2016/1/17, 49, 29, 16, 33, 3, 4, 53
2016/1/18, 56, 29, 13, 12, 6, 3, 52
2016/1/19, 51, 27, 11, 8, 4, 3, 48
2016/1/20, 49, 24, 11, 6, 5, 2, 40
2016/1/21, 36, 25, 10, 8, 2, 3, 48
2016/1/22, 47, 22, 12, 6, 1, 2, 37
2016/1/23, 38, 25, 18, 4, 1, 2, 40
2016/1/24, 37, 27, 15, 6, , 2, 43
2016/1/25, 42, 29, 11, 7, , 3, 44
2016/1/26, 44, 31, 17, 6, 1, 3, 44
2016/1/27, 44, 27, 15, 9, 2, 3, 45
2016/1/28, 44, 27, 10, 10, 6, 3, 48
2016/1/29, 49, 24, 15, 8, 2, 2, 38
2016/1/30, 35, 22, 15, 7, 2, , 40
2016/1/31, 38, 24, 16, 5, 3, 2, 37
2016/2/1, 28, 22, 13, 7, 1, 3, 39
2016/2/2, 38, 25, 14, 6, 1, 3, 47
2016/2/3, 46, 25, 3, 9, 1, 3, 37
2016/2/4, 34, 23, 7, 8, 2, 3, 40
2016/2/5, 44, 25, 11, 4, 2, 3, 40
2016/2/6, 41, 23, 20, 4, 1, 3, 44
2016/2/7, 50, 38, 20, 3, 1, 3, 56
2016/2/8, 62, 39, 15, 3, 1, 4, 59
2016/2/9, 64, 30, 11, 4, 1, 4, 48
2016/2/10, 46, 18, 9, 5, 1, , 28
2016/2/11, 29, 23, 9, 6, 1, 3, 41
2016/2/12, 44, 25, 9, 4, 1, 3, 37
2016/2/13, 34, 20, 11, 5, 1, 3, 42
2016/2/14, 42, 24, 12, 4, 1, 3, 47
2016/2/15, 45, 25, 12, 4, 2, 2, 47
2016/2/16, 45, 30, 15, 4, 1, , 54
2016/2/17, 60, 36, 13, 6, 2, 3, 54
2016/2/18, 56, 23, 7, 6, 2, 5, 32
2016/2/19, 33, 19, 7, 7, 1, 6, 43
2016/2/20, 49, 30, 13, 4, 2, 4, 51
2016/2/21, 50, 30, 10, 6, 2, 3, 49
2016/2/22, 49, 27, 7, 5, 3, 2, 50
2016/2/23, 43, 23, 4, 10, 2, 2, 47
2016/2/24, 45, 22, 10, 5, 2, 2, 46
2016/2/25, 43, 32, 12, 5, 2, , 51
2016/2/26, 50, 33, 12, 4, 2, , 49
2016/2/27, 51, 31, 12, 3, 1, 2, 47
2016/2/28, 47, 31, 10, 4, 1, 2, 50
2016/2/29, 51, 30, 10, 6, 1, 3, 49
2016/3/1, 48, 28, 10, 6, 1, 14, 51
2016/3/2, 49, 30, 9, 4, 1, 3, 51
2016/3/3, 55, 31, 7, 5, , 3, 47
2016/3/4, 48, 25, 12, 5, , 3, 42
2016/3/5, 45, 24, 12, 3, , 3, 41
2016/3/6, 44, 21, 9, 4, , , 45
2016/3/7, 47, 25, 9, 7, 2, 3, 51
2016/3/8, 53, 23, 14, 7, 3, 3, 44
2016/3/9, 49, 25, 13, 10, 3, 3, 50
2016/3/10, 54, 25, 14, 6, 3, 3, 48
2016/3/11, 49, 23, 13, 6, 2, 2, 47
2016/3/12, 48, 26, 13, 5, 1, 3, 47
2016/3/13, 51, 26, 13, 5, 1, 3, 54
2016/3/14, 58, 25, 17, 5, 2, 2, 54
2016/3/15, 58, 29, 18, 7, 2, 3, 54
2016/3/16, 61, 29, 20, 6, 3, 3, 57
2016/3/17, 65, 31, 21, 6, 2, 3, 59
2016/3/18, 68, 33, 23, 5, 3, 3, 60
2016/3/19, 72, 33, 22, 5, 2, 3, 61
2016/3/20, 72, 35, 19, 7, 2, 3, 61
2016/3/21, 71, 37, 15, 10, 5, 3, 59
2016/3/22, 72, 33, 17, 15, 7, 4, 62
2016/3/23, 77, 32, 22, 9, 7, 2, 59
2016/3/24, 69, 34, 22, 2, 4, 2, 61
2016/3/25, 74, 32, 17, 2, 3, 2, 57
2016/3/26, 65, 32, 16, 3, 1, 1, 59
2016/3/27, 70, 37, 19, 4, 1, 3, 58
2016/3/28, 69, 45, 23, 5, 1, 3, 72
2016/3/29, 104, 57, 19, 6, 2, 4, 74
2016/3/30, 94, 51, 19, 6, 2, 4, 71
2016/3/31, 103, 51, 19, 5, 1, 4, 66
2015/10/1, 195, 105, 7, 6, 5, 13, 170
2015/10/2, 158, 79, 9, 11, 6, 10, 116
2015/10/3, 191, 86, 6, 7, 12, 13, 170
2015/10/4, 117, 70, 8, 5, 6, 6, 85
2015/10/5, 182, 98, 24, 15, 4, 12, 155
2015/10/6, 183, 73, 12, 18, 4, 10, 90
2015/10/7, 123, 52, 21, 20, 9, 9, 77
2015/10/8, 108, 54, 24, 13, 11, 8, 88
2015/10/9, 125, 58, 24, 9, 10, 5, 84
2015/10/10, 122, 56, 34, 8, 9, 5, 90
2015/10/11, 130, 70, 27, 12, 11, 6, 107
2015/10/12, 153, 82, 28, 9, 10, 9, 126
2015/10/13, 169, 71, 21, 9, 5, 8, 92
2015/10/14, 132, 53, 25, 9, 4, 7, 80
2015/10/15, 111, 64, 32, 9, 5, 9, 110
2015/10/16, 147, 66, 26, 11, 8, 7, 90
2015/10/17, 137, 65, 32, 11, 9, 6, 118
2015/10/18, 141, 87, 25, 11, 7, 6, 116
2015/10/19, 153, 84, 27, 8, 6, 5, 107
2015/10/20, 133, 74, 32, 9, 6, 5, 118
2015/10/21, 157, 64, 23, 10, 8, 3, 78
2015/10/22, 100, 73, 40, 8, 9, 10, 155
2015/10/23, 187, 139, 26, 10, 6, 15, 178
2015/10/24, 201, 101, 28, 11, 8, 12, 144
2015/10/25, 181, 105, 38, 10, 6, 13, 156
2015/10/26, 180, 99, 47, 13, 7, 14, 129
2015/10/27, 168, 68, 22, 12, 6, 11, 78
2015/10/28, 111, 38, 22, 7, 3, 7, 52
2015/10/29, 51, 26, 11, 12, 8, 5, 53
2015/10/30, 61, 27, 19, 11, 8, 7, 49
2015/10/31, 63, 34, 31, 12, 4, 7, 60
2015/11/1, 75, 32, 21, 13, 4, 7, 55
2015/11/2, 63, 27, 14, 13, 5, 6, 57
2015/11/3, 57, 29, 18, 15, 8, 5, 62
2015/11/4, 73, 49, 26, 18, 14, 7, 81
2015/11/5, 111, 55, 26, 16, 24, 6, 81
2015/11/6, 109, 37, 20, 14, 28, 5, 53
2015/11/7, 59, 40, 28, 20, 20, 7, 73
2015/11/8, 112, 56, 33, 16, 20, 7, 89
2015/11/9, 123, 49, 25, 10, 17, 5, 64
2015/11/10, 76, 32, 15, 14, 4, 6, 61
2015/11/11, 77, 39, 27, 14, 10, 6, 68
2015/11/12, 84, 38, 12, 14, 11, 6, 63
2015/11/13, 78, 31, 18, 9, 5, 5, 55
2015/11/14, 56, 28, 14, 9, 3, 5, 40
2015/11/15, 37, 20, 4, 11, 3, 5, 36
2015/11/16, 34, 23, 17, 15, 13, 4, 41
2015/11/17, 39, 34, 24, 11, 16, 5, 51
2015/11/18, 47, 26, 14, 11, 6, 4, 51
2015/11/19, 42, 27, 9, 11, 5, 5, 45
2015/11/20, 42, 26, 15, 15, 5, 5, 43
2015/11/21, 41, 31, 18, 14, 14, 5, 49
2015/11/22, 37, 32, 34, 13, 23, 4, 64
2015/11/23, 63, 41, 16, 15, 13, 5, 61
2015/11/24, 58, 42, 20, 14, 8, 6, 61
2015/11/25, 55, 27, 10, 10, 5, 4, 35
2015/11/26, 30, 19, 14, 9, 3, 4, 31
2015/11/27, 29, 25, 20, 10, 3, 4, 44
2015/11/28, 36, 30, 18, 11, 4, 4, 48
2015/11/29, 41, 25, 13, 13, 19, 4, 49
2015/11/30, 40, 24, 13, 11, 10, 4, 36
2015/12/1, 32, 20, 13, 11, 2, 4, 44
2015/12/2, 37, 26, 15, 10, 4, 4, 43
2015/12/3, 35, 30, 15, 11, 4, 4, 53
2015/12/4, 46, 24, 14, 10, 3, 3, 43
2015/12/5, 34, 31, 14, 9, 2, 5, 42
2015/12/6, 41, 23, 16, 6, 1, 3, 30
2015/12/7, 23, 25, 10, 11, 3, 3, 49
2015/12/8, 48, 23, 12, 8, 6, 3, 38
2015/12/9, 29, 21, 16, 11, 4, 4, 42
2015/12/10, 36, 27, 10, 12, 3, 4, 49
2015/12/11, 50, 24, 13, 9, 2, 4, 39
2015/12/12, 38, 17, 6, 7, 2, 3, 29
2015/12/13, 24, 17, 15, 9, 3, 3, 33
2015/12/14, 32, 26, 14, 10, 2, 4, 54
2015/12/15, 53, 29, 20, 10, 1, 4, 51
2015/12/16, 54, 35, 21, 10, 1, 4, 55
2015/12/17, 60, 40, 20, 9, 2, 4, 60
2015/12/18, 66, 44, 27, 9, 2, 3, 59
2015/12/19, 64, 37, 35, 6, 1, 4, 59
2015/12/20, 61, 31, 34, 8, 2, 4, 54
2015/12/21, 55, 37, 36, 13, 7, 4, 63
2015/12/22, 77, 41, 25, 12, 15, 4, 60
2015/12/23, 68, 28, 12, 7, 7, 4, 49
2015/12/24, 50, 24, 18, 4, 3, 3, 44
2015/12/25, 40, 22, 18, 8, 2, 3, 35
2015/12/26, 33, 24, 20, 9, 2, 4, 39
2015/12/27, 35, 26, 14, 10, 2, 3, 43
2015/12/28, 44, 21, 10, 8, 3, 3, 34
2015/12/29, 35, 26, 18, 10, 1, 3, 44
2015/12/30, 41, 30, 33, 17, 3, , 40
2015/12/31, 38, 22, 11, 21, , , 25
2016/1/1, 23, , , , , , 
2015/7/14, 39, 20, 12, 12, 6, , 39
2015/7/15, 46, 17, 10, 11, 6, 4, 43
2015/7/16, 51, 23, 12, 8, 6, 4, 50
2015/7/17, 47, 25, 14, 8, 5, 3, 49
2015/7/18, 49, 23, 14, 7, 4, 3, 52
2015/7/19, 34, 23, 12, 7, 3, 3, 44
2015/7/20, 46, 20, 14, 8, 4, 3, 47
2015/7/21, 49, 20, 13, 9, 4, , 46
2015/7/22, 46, 18, 17, 8, 5, 3, 51
2015/7/23, 52, 18, 11, 9, 5, , 49
2015/7/24, 50, 18, 12, 12, 6, 4, 48
2015/7/25, 56, 19, 13, 13, 7, 4, 55
2015/7/26, 48, 19, 9, 12, 6, 3, 44
2015/7/27, 62, 19, 11, 13, 10, , 57
2015/7/28, 42, 20, 10, 12, 7, 3, 42
2015/7/29, 42, 13, 13, 8, 5, 3, 36
2015/7/30, 45, 15, 10, 11, 6, 3, 47
2015/7/31, 59, 18, 10, 16, 6, 3, 57
2015/8/1, 59, 25, 10, 20, 8, 5, 55
2015/8/2, 40, 20, 10, 14, 10, 3, 47
2015/8/3, 40, 17, 7, 15, 7, 3, 39
2015/8/4, 50, 18, 13, 20, 8, 4, 50
2015/8/5, 54, 21, 17, 14, 9, 3, 55
2015/8/6, 55, 22, 14, 16, 6, 4, 54
2015/8/7, 51, 23, 12, 17, 8, 4, 56
2015/8/8, 58, 24, 13, 17, 8, 4, 56
2015/8/9, 52, 23, 18, 12, 8, 3, 46
2015/8/10, 67, 28, 20, 8, 8, 3, 60
2015/8/11, 61, 30, 14, 11, 5, 4, 56
2015/8/12, 57, 26, 8, 17, 9, 4, 56
2015/8/13, 61, 25, 14, 15, 16, 5, 57
2015/8/14, 56, 24, 14, 12, 10, 3, 55
2015/8/15, 53, 25, 17, 9, 9, 3, 53
2015/8/16, 57, 26, 14, 9, 7, 3, 52
2015/8/17, 56, 26, 10, 11, 7, 4, 55
2015/8/18, 62, 30, 14, 10, 7, 3, 57
2015/8/19, 80, 32, 17, 12, 7, 4, 67
2015/8/20, 86, 38, 16, 13, 6, 4, 72
2015/8/21, 88, 40, 18, 16, 7, 5, 69
2015/8/22, 115, 48, 20, 12, 11, 5, 82
2015/8/23, 97, 47, 25, 8, 6, 4, 74
2015/8/24, 98, 44, 22, 8, 5, 4, 75
2015/8/25, 114, 50, 16, 13, 4, 5, 83
2015/8/26, 86, 46, 14, 12, 5, 4, 69
2015/8/27, 73, 35, 15, 11, 6, 3, 64
2015/8/28, 85, 35, 16, 11, 6, 4, 68
2015/8/29, 92, 41, 22, 7, 6, 5, 71
2015/8/30, 68, 35, 17, 6, 5, 4, 57
2015/8/31, 70, 29, 23, 6, 5, 3, 57
2015/9/1, 86, 37, 27, 6, 4, 4, 69
2015/9/2, 94, 47, 28, 10, 4, 4, 75
2015/9/3, 128, 50, 23, 11, 3, 5, 89
2015/9/4, 98, 51, 16, 17, 5, 5, 73
2015/9/5, 135, 51, 18, 14, 6, 6, 91
2015/9/6, 140, 57, 23, 12, 5, 5, 97
2015/9/7, 113, 49, 21, 13, 6, 5, 85
2015/9/8, 129, 54, 21, 10, 4, 6, 96
2015/9/9, 102, 50, 13, 17, 7, 6, 75
2015/9/10, 167, 59, 17, 18, 10, 12, 135
2015/9/11, 148, 89, 26, 12, 9, 10, 120
2015/9/12, 129, 55, 21, 11, 7, 6, 96
2015/9/13, 168, 75, 23, 11, 5, 9, 143
2015/9/14, 165, 83, 14, 12, 5, 10, 140
2015/9/15, 166, 82, 11, 21, 4, 11, 119
2015/9/16, 139, 64, 14, 11, 7, 9, 103
2015/9/17, 93, 50, 17, 11, 5, 5, 72
2015/9/18, 112, 47, 20, 8, 6, 5, 88
2015/9/19, 166, 72, 30, 8, 4, 10, 131
2015/9/20, 107, 55, 22, 8, 3, 7, 79
2015/9/21, 109, 45, 20, 9, 5, 6, 80
2015/9/22, 128, 49, 19, 10, 6, 8, 95
2015/9/23, 137, 58, 25, 14, 9, 7, 115
2015/9/24, 267, 110, 26, 10, 9, 17, 240
2015/9/25, 215, 158, 21, 9, 7, 15, 214
2015/9/26, 96, 70, 22, 8, 6, 6, 77
2015/9/27, 128, 47, 22, 8, 5, 5, 97
2015/9/28, 186, 78, 21, 11, 6, 10, 162
2015/9/29, 206, 103, 27, 19, 13, 19, 186
2015/9/30, 184, 93, 21, 11, 9, 10, 150
2015/4/1, 57, 21, 16, 7, 7, 5, 49
2015/4/2, 48, 25, 21, 5, 12, 5, 59
2015/4/3, 66, 37, 29, 5, 23, 4, 64
2015/4/4, 74, 27, 17, 8, 18, 3, 55
2015/4/5, 59, 25, 30, 4, 16, 5, 62
2015/4/6, 72, 25, 17, 4, 10, 3, 52
2015/4/7, 47, 18, 15, 2, 5, , 40
2015/4/8, 42, 24, 10, 2, 5, , 46
2015/4/9, 52, 23, 9, 1, 6, , 38
2015/4/10, 36, 16, 8, 2, 8, 4, 45
2015/4/11, 46, 21, 11, 2, 10, 4, 52
2015/4/12, 50, 23, 15, 1, 11, 3, 55
2015/4/13, 55, 22, 18, 3, 8, 4, 48
2015/4/14, 46, 20, 15, 2, 10, 4, 43
2015/4/15, 46, 17, 14, 5, 14, 3, 41
2015/4/16, 37, 20, 11, 8, 14, 3, 52
2015/4/17, 47, 23, 26, 17, 8, 3, 59
2015/4/18, 66, 27, 33, 19, 11, 3, 55
2015/4/19, 65, 28, 15, 24, 15, 4, 59
2015/4/20, 57, 28, 26, 25, 14, 4, 72
2015/4/21, 80, 29, 29, 19, 17, 4, 57
2015/4/22, 67, 26, 20, 20, 18, 4, 57
2015/4/23, 67, 28, 17, 18, 24, 4, 54
2015/4/24, 55, 20, 17, 16, 24, 4, 49
2015/4/25, 47, 19, 15, 13, 13, 4, 40
2015/4/26, 36, 19, 13, 20, 7, 4, 53
2015/4/27, 55, 30, 16, 18, 15, 5, 55
2015/4/28, 52, 21, 16, 19, 6, 4, 52
2015/4/29, 53, 23, 13, 17, 9, 3, 54
2015/4/30, 59, 25, 28, 6, 7, 5, 57
2015/5/1, 61, 24, 11, 6, 14, 5, 53
2015/5/2, 59, 19, 8, 4, 18, 3, 38
2015/5/3, 36, 17, 12, 10, 17, 3, 52
2015/5/4, 52, 32, 13, 17, 18, 5, 65
2015/5/5, 70, 23, 16, 10, 18, 3, 59
2015/5/6, 59, 25, 9, 5, 21, 3, 51
2015/5/7, 46, 20, 5, 6, 11, 3, 51
2015/5/8, 48, 16, 11, 5, 12, 2, 35
2015/5/9, 37, 19, 10, 3, 10, , 42
2015/5/10, 43, 19, 13, 3, 5, 2, 45
2015/5/11, 41, 18, 4, 4, 4, 2, 44
2015/5/12, 48, 18, 9, 5, 6, , 52
2015/5/13, 45, 17, 11, 5, 6, 2, 44
2015/5/14, 36, 21, 5, 10, 4, 5, 58
2015/5/15, 61, 17, 6, 6, 10, 3, 35
2015/5/16, 27, 11, 9, 5, 7, 3, 31
2015/5/17, 27, 17, 5, 7, 6, 4, 55
2015/5/18, 40, 19, 9, 5, 8, 3, 54
2015/5/19, 42, 19, 5, 6, 9, 2, 45
2015/5/20, 39, 22, 13, 6, 6, 4, 57
2015/5/21, 55, 23, 6, 5, 6, 4, 54
2015/5/22, 50, 23, 3, 5, 6, 4, 53
2015/5/23, 60, 23, 7, 4, 10, 5, 49
2015/5/24, 39, 18, 4, 4, 7, 4, 48
2015/5/25, 45, 18, 8, 3, 6, 4, 52
2015/5/26, 43, 22, 6, 6, 4, 4, 51
2015/5/27, 53, 19, 9, 8, 3, 3, 46
2015/5/28, 44, 15, 15, 2, 5, 3, 30
2015/5/29, 32, 16, 11, 2, 6, 3, 35
2015/5/30, 28, 18, 15, 2, 6, 3, 40
2015/5/31, 33, 20, 16, 3, 7, 4, 53
2015/6/1, 44, 18, 14, 2, 8, 2, 50
2015/6/2, 45, 20, 14, 3, 8, 4, 52
2015/6/3, 51, 18, 13, 3, 10, 3, 42
2015/6/4, 45, 20, 9, 3, 6, 4, 51
2015/6/5, 44, 20, 4, 5, , , 57
2015/6/6, 54, 21, 5, 4, 8, 5, 40
2015/6/7, 33, 17, 5, 4, 12, 4, 38
2015/6/8, 37, 22, 6, 5, 13, 5, 55
2015/6/9, 63, 20, 10, 4, 26, 3, 41
2015/6/10, 43, 15, 10, 3, 13, 3, 38
2015/6/11, 36, 15, 4, 4, 10, 3, 45
2015/6/12, 33, 15, 9, 4, 14, 3, 38
2015/6/13, 41, 22, 6, 3, 23, 3, 38
2015/6/14, 33, 15, 7, 4, 11, 3, 46
2015/6/15, 52, 24, 8, 4, 10, 3, 52
2015/6/16, 55, 26, 14, 3, 9, , 
2015/6/17, 63, 24, 17, 2, 7, 2, 
2015/6/18, 59, 22, 11, 2, 5, 3, 
2015/6/19, 48, 18, 11, 2, 4, 2, 
2015/6/20, 31, 19, 12, 2, 4, 3, 
2015/1/1, 60, 27, 19, 6, 2, 3, 
2015/1/2, 56, 32, 21, 11, , 3, 55
2015/1/3, 53, 21, 25, 9, 3, 2, 40
2015/1/4, 40, 15, 22, 12, 3, 3, 38
2015/1/5, 44, 19, 15, 8, 3, 3, 42
2015/1/6, 40, 16, 11, 13, 3, 4, 37
2015/1/7, 35, 14, 9, 12, 4, 3, 33
2015/1/8, 34, 14, 6, 7, 4, 3, 27
2015/1/9, 27, 14, 15, 8, 3, 3, 31
2015/1/10, 29, 18, 11, 5, 3, 3, 38
2015/1/11, 39, 18, 15, 3, 2, 2, 41
2015/1/12, 40, 22, 17, 3, 3, 3, 39
2015/1/13, 35, 21, 18, 3, 4, 4, 36
2015/1/14, 38, 22, 16, 6, 4, 3, 44
2015/1/15, 40, 23, 20, 3, 4, 4, 48
2015/1/16, 44, 24, 22, 3, 2, 4, 52
2015/1/17, 42, 24, 21, 3, 3, 3, 46
2015/1/18, 47, 30, 21, 2, 4, 3, 53
2015/1/19, 54, 33, 20, 2, 5, 3, 56
2015/1/20, 61, 36, 17, 2, 10, 4, 58
2015/1/21, 60, 34, 26, 6, 15, 4, 64
2015/1/22, 80, 35, 22, 10, 10, 3, 54
2015/1/23, 54, 31, 23, 8, 9, 3, 58
2015/1/24, 54, 42, 33, 7, 8, 4, 72
2015/1/25, 97, 43, 25, 9, 3, 3, 63
2015/1/26, 80, 37, 19, 10, 4, 3, 56
2015/1/27, 61, 28, 13, 16, 5, 3, 51
2015/1/28, 46, 24, 8, 15, 10, 4, 41
2015/1/29, 42, 20, 13, 13, 11, 3, 37
2015/1/30, 36, 21, 14, 12, 12, 3, 41
2015/1/31, 30, 21, 11, 10, 15, , 40
2015/2/1, 35, 25, 9, 12, 13, 3, 50
2015/2/2, 45, 28, 12, 9, 9, 3, 48
2015/2/3, 38, 19, 11, 10, 6, 3, 34
2015/2/4, 37, 24, 15, 9, 3, 3, 46
2015/2/5, 42, 23, 11, 11, 4, 3, 41
2015/2/6, 41, 26, 19, 9, 2, , 49
2015/2/7, 47, 32, 20, 6, 2, 4, 55
2015/2/8, 55, 30, 17, 6, 3, 4, 54
2015/2/9, 52, , , , , , 53
2015/2/10, 50, , , , , , 60
2015/2/11, 62, , , , , , 61
2015/2/12, 62, , , , , , 63
2015/2/13, 67, , , , , , 60
2015/2/14, 68, 43, 23, 4, 4, 4, 60
2015/2/15, 73, 32, 23, 4, 5, , 57
2015/2/16, 68, 30, 15, 5, 5, , 52
2015/2/17, 53, 24, 14, 4, 7, 3, 45
2015/2/18, 42, 17, 15, 4, 5, 3, 31
2015/2/19, 22, 15, 18, 3, 2, 3, 39
2015/2/20, 33, 20, 19, 4, 2, 3, 47
2015/2/21, 41, 19, 19, 4, 2, 3, 39
2015/2/22, 33, 20, 18, 7, 3, 3, 44
2015/2/23, 40, 23, 14, 8, 3, 3, 49
2015/2/24, 54, 22, 15, 11, 3, 3, 49
2015/2/25, 43, 24, 19, 7, 5, 3, 50
2015/2/26, 47, 23, 22, 4, 4, 3, 51
2015/2/27, 51, 21, 19, 3, 4, 3, 44
2015/2/28, 41, 18, 17, 4, 3, 3, 39
2015/3/1, 30, 20, 15, 6, 4, 3, 46
2015/3/2, 40, 26, 16, 6, 7, 3, 54
2015/3/3, 51, 30, 15, 7, 10, 4, 54
2015/3/4, 50, 30, 22, 5, 13, 4, 57
2015/3/5, 57, 31, 21, 7, 6, 3, 61
2015/3/6, 66, 31, 18, 4, 8, 2, 48
2015/3/7, 47, 20, 20, 4, 7, 3, 44
2015/3/8, 37, 19, 10, 4, 4, 3, 42
2015/3/9, 39, 21, 11, 4, 5, 3, 45
2015/3/10, 43, 21, 7, 4, 4, 3, 40
2015/3/11, 34, 21, 15, 4, 4, 3, 49
2015/3/12, 49, 24, 21, 6, 6, 3, 46
2015/3/13, 48, 24, 21, 9, 9, 3, 44
2015/3/14, 35, 20, 17, 6, 12, 3, 38
2015/3/15, 34, 22, 19, 9, 8, 3, 53
2015/3/16, 52, 27, 15, 5, 3, 4, 57
2015/3/17, 57, 28, 22, 4, 4, 4, 58
2015/3/18, 54, 28, 24, 5, 6, 4, 59
2015/3/19, 59, 36, 35, 4, 5, 5, 78
2015/3/20, 100, 42, 30, 8, 8, 4, 71
2015/3/21, 81, 38, 29, 12, 5, 5, 63
2015/3/22, 73, 32, 20, 19, 3, 5, 65
2015/3/23, 73, 30, 22, 2, 2, 4, 58
2015/3/24, 57, 24, 19, 5, 4, 3, 50
2015/3/25, 44, 22, 15, 5, 5, 3, 51
2015/3/26, 45, 25, 13, 5, 5, 2, 50
2015/3/27, 50, 26, 11, 3, 7, 3, 52
2015/3/28, 61, 26, 9, 4, 6, 3, 49
2015/3/29, 59, 26, 11, 4, 7, 3, 51
2015/3/30, 53, 33, 10, 3, 5, 3, 54
2015/3/31, 54, 24, 13, 5, 4, 5, 54
2014/10/1, 98, 39, 26, 12, 5, 4, 74
2014/10/2, 91, 41, 26, 13, 6, 4, 73
2014/10/3, 95, 39, 17, 15, 6, 4, 64
2014/10/4, 83, 24, 15, 9, 8, 3, 33
2014/10/5, 60, 29, 26, 14, 9, 6, 94
2014/10/6, 110, 60, 22, 11, 7, , 86
2014/10/7, 108, 45, 18, 13, 5, 5, 82
2014/10/8, 119, 44, 23, 12, 5, 4, 65
2014/10/9, 76, 32, 25, 11, 6, 4, 59
2014/10/10, 65, 42, 25, 16, 6, 5, 87
2014/10/11, 123, 56, 27, 21, 6, 7, 89
2014/10/12, 131, 43, 29, 21, 7, 6, 69
2014/10/13, 96, 37, 24, 20, 8, 5, 67
2014/10/14, 80, 39, 28, 21, 5, 6, 74
2014/10/15, 99, 33, 17, 15, 4, 3, 61
2014/10/16, 65, 30, 10, 16, 2, 4, 62
2014/10/17, 76, 34, 13, 20, 4, 6, 72
2014/10/18, 96, 49, 27, 19, 5, 7, 92
2014/10/19, 130, 49, 19, 16, 6, 6, 81
2014/10/20, 102, 41, 12, 20, 5, 5, 71
2014/10/21, 89, 33, 9, 21, 5, 5, 63
2014/10/22, 69, 36, 15, 26, 15, 6, 75
2014/10/23, 96, 41, 32, 20, 13, 4, 74
2014/10/24, 97, 38, 26, 16, 7, 4, 69
2014/10/25, 82, 30, 17, 10, 4, 2, 59
2014/10/26, 61, 22, 10, 15, 3, 4, 56
2014/10/27, 55, 28, 13, 19, 5, 5, 68
2014/10/28, 82, 36, 24, 17, 6, 5, 69
2014/10/29, 80, 34, 17, 22, 5, 4, 68
2014/10/30, 79, 36, 21, 22, 4, 5, 67
2014/10/31, 92, 35, 16, 23, 7, 6, 68
2014/11/1, 84, 37, 23, 13, 7, 5, 88
2014/11/2, 120, 56, 19, 15, 6, 5, 89
2014/11/3, 119, 47, 26, 14, 4, 4, 75
2014/11/4, 104, 38, 22, 18, 2, 4, 69
2014/11/5, 99, 36, 14, 20, 1, 5, 65
2014/11/6, 80, 30, 10, 23, 7, 5, 51
2014/11/7, 64, 27, 15, 17, 12, 4, 56
2014/11/8, 64, 18, 11, 14, 9, 3, 36
2014/11/9, 37, 26, 14, 19, 8, 5, 64
2014/11/10, 72, 28, 6, 25, 5, 5, 61
2014/11/11, 72, 38, 17, 29, 9, 7, 68
2014/11/12, 96, 31, 19, 16, 9, 5, 50
2014/11/13, 51, 22, 19, 13, 5, 3, 36
2014/11/14, 36, 17, 12, 16, 4, 4, 34
2014/11/15, 28, 16, 6, 13, 6, 4, 36
2014/11/16, 29, 18, 13, 17, 5, 5, 44
2014/11/17, 48, 18, 1, 17, 4, 5, 43
2014/11/18, 44, 19, 16, 14, 3, 4, 42
2014/11/19, 44, 17, 8, 16, 3, 4, 37
2014/11/20, 42, 18, 6, 19, 2, 5, 45
2014/11/21, 39, 19, 11, 19, 4, 4, 51
2014/11/22, 45, 19, 12, 13, 3, 4, 42
2014/11/23, 39, 20, 7, 18, 6, 4, 49
2014/11/24, 51, 20, 10, 16, 5, 4, 43
2014/11/25, 51, 19, 15, 13, 4, 4, 47
2014/11/26, 43, 19, 9, 17, 8, 4, 47
2014/11/27, 49, 21, 10, 14, 10, 3, 46
2014/11/28, 45, 16, 7, 15, 10, 3, 32
2014/11/29, 33, 16, 13, 13, 15, 3, 46
2014/11/30, 43, 18, 7, 18, 17, 3, 43
2014/12/1, 41, 18, 9, 20, 20, 3, 50
2014/12/2, 46, 26, 17, 18, 22, 4, 56
2014/12/3, 68, 25, 14, 16, 17, 3, 51
2014/12/4, 53, 29, 26, 21, 27, 4, 64
2014/12/5, 78, 26, 13, 16, 23, 3, 44
2014/12/6, 38, 18, 19, 14, 8, 3, 37
2014/12/7, 31, 18, 10, 14, 9, 4, 42
2014/12/8, 46, 19, 15, 13, 3, 4, 47
2014/12/9, 46, 26, 17, 11, 2, 3, 
2014/12/10, 54, 26, 16, 8, 2, 3, 
2014/12/11, 49, 23, 18, 5, 2, 3, 
2014/12/12, 42, 19, 17, 3, 2, 3, 
2014/12/13, 38, 20, 16, 2, 2, 4, 
2014/12/14, 43, 18, 11, 3, 2, 3, 
2014/12/15, 34, 17, 9, 7, 2, 4, 
2014/12/16, 39, 18, 6, 5, 1, 5, 
2014/12/17, 35, 16, 11, 2, 1, 5, 
2014/12/18, 38, 13, 8, 2, 1, 4, 
2014/12/19, 25, 11, 15, 2, 2, 3, 
2014/12/20, 31, 13, 14, 2, 2, 2, 
2014/12/21, 31, 15, 12, 2, 2, 2, 
2014/12/22, 33, 16, 4, 5, 4, 2, 
2014/12/23, 42, 16, 9, 2, 6, 3, 
2014/12/24, 38, 17, 10, 3, 5, 3, 52
2014/12/25, 47, 19, 8, 3, 6, 3, 
2014/12/26, 36, 14, 11, 3, 4, 4, 
2014/12/27, 36, 14, 13, 2, 5, 4, 
2014/12/28, 27, , , , , , 
2014/7/1, 49, 22, 13, 14, 9, 3, 55
2014/7/2, 54, 27, 12, 15, 7, 4, 60
2014/7/3, 63, 27, 9, 16, 9, 3, 59
2014/7/4, 62, 26, 7, 15, 8, 3, 53
2014/7/5, 63, 25, 9, 13, 13, 2, 52
2014/7/6, 62, 21, 8, 14, 12, 2, 51
2014/7/7, 55, 21, 12, 14, 13, 3, 52
2014/7/8, 55, 22, 8, 13, 9, 3, 42
2014/7/9, 52, 16, 14, 11, 4, 2, 48
2014/7/10, 42, 24, 8, 14, 5, 3, 54
2014/7/11, 52, 24, 10, 17, 9, 3, 52
2014/7/12, 56, 20, 13, 11, 14, 2, 46
2014/7/13, 52, 19, 13, 12, 7, 2, 48
2014/7/14, 51, 29, 13, 12, 8, 2, 54
2014/7/15, 57, 28, 16, 12, 5, 2, 54
2014/7/16, 55, 29, 9, 14, 7, 3, 57
2014/7/17, 58, 24, 13, 14, 8, 2, 55
2014/7/18, 57, 24, 11, 12, 6, , 52
2014/7/19, 55, 21, 13, 13, 8, 3, 51
2014/7/20, 53, 19, 13, 10, 5, , 47
2014/7/21, 48, 20, 11, 10, 4, , 44
2014/7/22, 46, 22, 13, 11, 4, , 53
2014/7/23, 50, 27, 15, 11, 3, , 56
2014/7/24, 57, 32, 16, 11, 3, , 59
2014/7/25, 61, 31, 15, 10, 1, 3, 56
2014/7/26, 60, 26, 13, 10, 2, 3, 51
2014/7/27, 52, 21, 13, 7, 3, 3, 52
2014/7/28, 51, 21, 8, 10, 3, 3, 48
2014/7/29, 51, 23, 6, 13, 4, 4, 55
2014/7/30, 56, 23, 6, 11, 7, 3, 42
2014/7/31, 53, 15, 10, 10, 7, 3, 42
2014/8/1, 36, 20, 13, 11, 6, 3, 53
2014/8/2, 49, 25, 17, 11, 6, , 56
2014/8/3, 59, 23, 13, 12, 8, , 56
2014/8/4, 57, 23, 8, 11, 6, , 43
2014/8/5, 54, 17, 6, 13, 10, 2, 46
2014/8/6, 44, 17, 8, 11, 10, 2, 37
2014/8/7, 42, 14, 6, 12, 9, , 41
2014/8/8, 36, 16, 13, 8, 5, 2, 31
2014/8/9, 37, 13, 11, 8, 4, 2, 30
2014/8/10, 23, 12, 7, 10, 7, 2, 36
2014/8/11, 37, 18, 5, 12, 9, , 43
2014/8/12, 42, 19, 3, 14, 13, 4, 49
2014/8/13, 49, 19, 6, 13, 10, 3, 47
2014/8/14, 50, 19, 3, 15, 7, 3, 46
2014/8/15, 47, 25, 14, 12, 7, 3, 60
2014/8/16, 59, 25, 8, 15, 6, 3, 55
2014/8/17, 58, 26, 21, 9, 5, 3, 55
2014/8/18, 55, 28, 18, 11, 5, 3, 55
2014/8/19, 59, 23, 18, 16, 8, 4, 60
2014/8/20, 58, 27, 17, 15, 8, 4, 60
2014/8/21, 62, 27, 11, 10, 10, 3, 54
2014/8/22, 62, 18, 12, 6, 5, 2, 43
2014/8/23, 45, 21, 6, 11, 8, 5, 55
2014/8/24, 54, 25, 7, 11, 8, 5, 59
2014/8/25, 63, 30, 9, 12, 9, 5, 60
2014/8/26, 67, 25, 11, 13, 16, 3, 51
2014/8/27, 59, 20, 5, 17, 19, 3, 47
2014/8/28, 55, 21, 13, 17, 12, 4, 54
2014/8/29, 54, 24, 17, 16, 9, 4, 56
2014/8/30, 59, 22, 16, 11, 8, 3, 54
2014/8/31, 54, 27, 28, 10, 7, 3, 61
2014/9/1, 63, 30, 20, 13, 8, 3, 61
2014/9/2, 67, 33, 14, 17, 9, 5, 62
2014/9/3, 75, 36, 22, 18, 13, 7, 71
2014/9/4, 81, 35, 16, 17, 12, 4, 62
2014/9/5, 80, 25, 14, 10, 14, 3, 40
2014/9/6, 58, 20, 20, 15, 11, 3, 52
2014/9/7, 43, 30, 21, 14, 8, 4, 64
2014/9/8, 68, 31, 20, 15, 5, 4, 62
2014/9/9, 72, 32, 18, 15, 6, 4, 61
2014/9/10, 73, 35, 20, 15, 5, 4, 61
2014/9/11, 72, 32, 17, 19, 3, 6, 65
2014/9/12, 74, 34, 15, 16, 1, 6, 66
2014/9/13, 75, 34, 17, 15, 1, 7, 67
2014/9/14, 75, 44, 10, 21, 2, 7, 90
2014/9/15, 100, 40, 25, 13, 1, 6, 62
2014/9/16, 84, 35, 21, 13, 1, 5, 67
2014/9/17, 67, 54, 27, 12, 1, 5, 97
2014/9/18, 126, 59, 17, 14, 2, 5, 89
2014/9/19, 147, 38, 10, 13, 2, 4, 56
2014/9/20, 85, 23, 17, 14, 3, 5, 62
2014/9/21, 58, 47, 23, 13, 2, 5, 77
2014/9/22, 102, 34, 23, 10, 1, 3, 61
2014/9/23, 71, 38, 22, 11, 2, 4, 69
2014/9/24, 80, 28, 13, 15, 1, 4, 49
2014/9/25, 64, 26, 29, 17, 2, 3, 66
2014/9/26, 62, 32, 28, 10, 2, 2, 66
2014/9/27, 76, 35, 31, 9, 2, 2, 73
2014/9/28, 81, 39, 28, 9, 3, 3, 70
2014/9/29, 85, 39, 22, 11, 3, 4, 73
2014/9/30, 89, 44, 24, 12, 5, 4, 74
2014/4/1, 59, 24, 16, 12, 6, 3, 
2014/4/2, 55, 22, 12, 9, 7, 2, 
2014/4/3, 54, 25, 10, 18, 5, 4, 
2014/4/4, 61, 28, 4, 16, 7, 4, 
2014/4/5, 68, 21, 17, 9, 4, 3, 
2014/4/6, 57, 20, 16, 12, 1, 3, 
2014/4/7, 44, 24, 14, 14, 4, 3, 
2014/4/8, 58, 26, 18, 16, 6, 3, 
2014/4/9, 59, 24, 11, 15, 4, 3, 
2014/4/10, 56, 26, 14, 20, 4, 5, 
2014/4/11, 60, 28, 12, 15, 5, 4, 55
2014/4/12, 62, 24, 20, 12, 2, 4, 57
2014/4/13, 60, 25, 10, 12, 5, 4, 55
2014/4/14, 60, 28, 14, 27, 3, 4, 
2014/4/15, 68, 37, 12, 17, 8, 2, 
2014/4/16, 80, 33, 15, 25, 12, 3, 
2014/4/17, 72, 39, 13, 27, 13, 4, 
2014/4/18, 80, 21, 11, 14, 7, 4, 
2014/4/19, 55, 31, 11, 11, 17, 4, 
2014/4/20, 70, 20, 3, 30, 11, 5, 
2014/4/21, 50, 30, 2, 25, 10, 6, 
2014/4/22, 70, 31, 7, 30, 15, 5, 
2014/4/23, 70, 30, 7, 24, 5, 4, 
2014/4/24, 70, 22, 11, 22, 4, 4, 
2014/4/25, 55, 34, 24, 26, 8, 4, 
2014/4/26, 72, 33, 9, 23, 6, 4, 
2014/4/27, 76, 21, 14, 25, 8, 4, 
2014/4/28, 53, 30, 9, 24, 16, 4, 
2014/4/29, 72, 31, 6, 32, 14, 4, 
2014/4/30, 72, 34, 7, 16, 8, 3, 
2014/5/1, 74, 20, 7, 25, 14, 3, 
2014/5/2, 50, 19, 9, 17, 6, 3, 
2014/5/3, 53, 17, 5, 14, 4, 3, 
2014/5/4, 38, 20, 12, 9, 5, 3, 
2014/5/5, 46, 20, 3, 13, 3, 3, 
2014/5/6, 53, 22, 13, 20, 3, 4, 50
2014/5/7, 53, 20, 19, 23, 6, 4, 46
2014/5/8, 47, 31, 18, 25, 12, 7, 66
2014/5/9, 70, 24, 18, 12, 7, 3, 45
2014/5/10, 56, 23, 22, 17, 4, 7, 56
2014/5/11, 50, 24, 13, 19, 3, 7, 56
2014/5/12, 58, 27, 31, 18, 7, 7, 61
2014/5/13, 62, 26, 20, 17, 12, 5, 55
2014/5/14, 61, 21, 23, 15, 10, 5, 52
2014/5/15, 52, 19, 15, 15, 8, 4, 46
2014/5/16, 50, 20, 19, 15, 7, 3, 44
2014/5/17, 47, 17, 13, 15, 7, 3, 37
2014/5/18, 38, 16, 11, 14, 6, 3, 48
2014/5/19, 42, 16, 16, 16, 6, 3, 43
2014/5/20, 39, 26, 19, 23, 8, 5, 62
2014/5/21, 62, 30, 15, 19, 9, 4, 55
2014/5/22, 68, 16, 10, 15, 6, 2, 38
2014/5/23, 42, 23, 15, 15, 5, 4, 52
2014/5/24, 54, 18, 11, 11, 5, 2, 40
2014/5/25, 46, 14, 8, 13, 3, 2, 42
2014/5/26, 32, 28, 6, 19, 7, 5, 59
2014/5/27, 62, 21, 15, 10, 10, 3, 36
2014/5/28, 51, 22, 11, 20, 7, 4, 57
2014/5/29, 51, 25, 11, 17, 12, 3, 57
2014/5/30, 59, 21, 11, 14, 15, 2, 43
2014/5/31, 50, 15, 9, 11, 6, 2, 32
2014/6/1, 33, 17, 8, 14, 4, 3, 51
2014/6/2, 42, 20, 13, 11, 5, 3, 48
2014/6/3, 49, 20, 6, 12, 4, 7, 45
2014/6/4, 47, 18, 5, 13, 6, 3, 48
2014/6/5, 42, 18, 5, 12, 7, 3, 41
2014/6/6, 45, 21, 11, 12, 6, 5, 49
2014/6/7, 56, 17, 11, 9, 4, 4, 39
2014/6/8, 42, 21, 13, 13, 4, 4, 46
2014/6/9, 47, 21, 10, 11, 4, 4, 56
2014/6/10, 51, 19, 11, 13, 3, 3, 48
2014/6/11, 46, 19, 12, 12, 2, 3, 46
2014/6/12, 40, 22, 13, 14, 5, 3, 52
2014/6/13, 53, 21, 5, 17, 6, 3, 44
2014/6/14, 50, 18, 13, 13, 9, 3, 42
2014/6/15, 46, 20, 13, 12, 4, 3, 51
2014/6/16, 51, 19, 13, 11, 1, 5, 44
2014/6/17, 45, 20, 13, 14, 2, 4, 44
2014/6/18, 46, 20, 10, 15, 3, 4, 46
2014/6/19, 51, 20, 11, 11, 2, 4, 49
2014/6/20, 48, 21, 15, 11, 3, 2, 50
2014/6/21, 50, 28, 19, 13, 7, 4, 59
2014/6/22, 59, 30, 18, 15, 10, 4, 58
2014/6/23, 63, 32, 16, 16, 13, 2, 61
2014/6/24, 66, 26, 11, 12, 12, 3, 43
2014/6/25, 55, 19, 14, 11, 11, 3, 47
2014/6/26, 46, 22, 7, 13, 17, 4, 49
2014/6/27, 52, 22, 11, 14, 17, 4, 55
2014/6/28, 57, 21, 13, 13, 13, 4, 44
2014/6/29, 50, 22, 12, 14, 12, 5, 50
2014/6/30, 54, 20, 12, 14, 14, 4, 48
2014/1/1, 62, 30, 14, 8, 2, , 35
2014/1/2, 64, 29, 11, 10, 2, , 30
2014/1/3, 61, 20, 11, 8, 2, 5, 24
2014/1/4, 55, 16, 6, 7, 3, 4, 13
2014/1/5, 45, 13, 2, 10, 3, 5, 20
2014/1/6, 36, 28, 10, 11, 3, 5, 34
2014/1/7, 65, 29, 11, 9, 4, 4, 28
2014/1/8, 64, 18, 5, 10, 3, 5, 19
2014/1/9, 48, 18, 10, 15, 5, 5, 24
2014/1/10, 49, 18, 12, 9, 7, 4, 16
2014/1/11, 46, 17, 8, 9, 3, 4, 20
2014/1/12, 40, 22, 13, 9, 3, 4, 27
2014/1/13, 48, 30, 12, 10, 3, , 33
2014/1/14, 54, 32, 13, 10, 3, 5, 36
2014/1/15, 59, 35, 18, 10, 3, 6, 37
2014/1/16, 67, 31, 18, 11, 2, 4, 31
2014/1/17, 63, 27, 14, 9, 2, 3, 28
2014/1/18, 50, 27, 16, 6, 1, , 29
2014/1/19, 44, 27, 15, 8, 1, , 30
2014/1/20, 50, 27, 18, 10, 2, 4, 34
2014/1/21, 54, 32, 18, 11, 2, , 33
2014/1/22, 62, 36, 22, 11, 2, 5, 45
2014/1/23, 72, 44, 20, 11, 3, , 47
2014/1/24, 80, 41, 20, 7, 3, 4, 42
2014/1/25, 77, 38, 25, 8, 3, 5, 38
2014/1/26, 75, 33, 19, 7, 3, 4, 31
2014/1/27, 67, 29, 15, 6, 3, 3, 32
2014/1/28, 61, 28, 16, 6, 2, 3, 26
2014/1/29, 54, 23, 18, 7, 1, , 24
2014/1/30, 47, 24, 20, 5, 1, 4, 26
2014/1/31, 53, 24, 20, 9, 1, 4, 24
2014/2/1, 53, 21, 18, 11, 2, 4, 23
2014/2/2, 48, 20, 20, 9, 2, 8, 21
2014/2/3, 48, 24, 24, 10, 3, 4, 30
2014/2/4, 55, 30, 24, 8, 3, 4, 32
2014/2/5, 63, 25, 18, 10, 3, 3, 24
2014/2/6, 51, 22, 18, 10, 3, 4, 25
2014/2/7, 50, 30, 20, 10, 3, 5, 39
2014/2/8, 69, 31, 24, 10, 4, 5, 30
2014/2/9, 68, 30, 20, 13, 6, 5, 31
2014/2/10, 64, 27, 17, 10, 5, 4, 29
2014/2/11, 57, 27, 16, 7, 1, 3, 29
2014/2/12, 55, 30, 14, 8, 2, , 34
2014/2/13, 60, 30, 15, 8, 2, 4, 31
2014/2/14, 59, 30, 18, 7, 3, 4, 35
2014/2/15, 60, 32, 18, 7, 3, , 31
2014/2/16, 65, 31, 15, 7, 3, 4, 34
2014/2/17, 62, 35, 15, 8, 1, 4, 34
2014/2/18, 68, 31, 15, 7, 1, 4, 32
2014/2/19, 61, 25, 16, 6, , 3, 26
2014/2/20, 55, 27, 9, 6, 1, , 30
2014/2/21, 54, 29, 14, 6, 1, 4, 33
2014/2/22, 56, 29, 17, 7, 1, 4, 32
2014/2/23, 60, 32, 20, 7, 2, 5, 35
2014/2/24, 61, 32, 19, 10, 1, 4, 35
2014/2/25, 63, 32, 16, 7, 1, 4, 32
2014/2/26, 63, 29, 14, 6, 2, , 30
2014/2/27, 59, 31, 14, 6, 2, 7, 33
2014/2/28, 62, 29, 15, 5, 2, 5, 32
2014/3/1, 60, 27, 17, 7, 2, 5, 28
2014/3/2, 55, 27, 17, 9, 4, 5, 31
2014/3/3, 56, 36, 23, 10, 3, 5, 46
2014/3/4, 72, 33, 18, 9, 1, 4, 29
2014/3/5, 66, 26, 17, 7, 1, 4, 31
2014/3/6, 55, 34, 21, 8, 3, 5, 44
2014/3/7, 75, 46, 26, 7, 2, 5, 46
2014/3/8, 99, 46, 24, 7, 2, 5, 40
2014/3/9, 101, 37, 23, 6, 1, 5, 44
2014/3/10, 81, 42, 21, 8, 2, 5, 46
2014/3/11, 90, 59, 21, 7, 2, 6, 58
2014/3/12, 142, 50, 26, 8, 2, 6, 56
2014/3/13, 107, 58, 22, 8, 2, 8, 56
2014/3/14, 141, 49, 12, 6, 2, 6, 38
2014/3/15, 110, 27, 7, 8, 2, 5, 24
2014/3/16, 67, 17, 5, 9, 2, 5, 19
2014/3/17, 46, 20, 8, 9, 2, 5, 26
2014/3/18, 52, 28, 12, 13, 2, 5, 31
2014/3/19, 59, 27, 12, 12, 2, 5, 33
2014/3/20, 60, 27, 15, 13, 2, 6, 33
2014/3/21, 62, 33, 17, 7, 3, 4, 39
2014/3/22, 73, 31, 17, 5, 1, 4, 28
2014/3/23, 70, 26, 14, 7, 1, 4, 32
2014/3/24, 59, 33, 13, 9, 1, 4, 35
2014/3/25, 67, 35, 10, 8, 1, 4, 35
2014/3/26, 67, 30, 10, 10, 2, 4, 35
2014/3/27, 60, 40, 12, 8, 3, 5, 38
2014/3/28, 85, 22, 10, 12, 3, 3, 25
2014/3/29, 56, 26, 12, 12, 3, 5, 31
2014/3/30, 59, 22, 12, 9, 5, 3, 23
2014/3/31, 56, 26, 11, 13, 4, 4, 
2019/12/31, , 24, 17, , 1, 3, 
2018/12/31, , 20, 27, , 2, 6, 
2018/3/31, , 54, 31, , 5, 8, 
2017/9/10, , 27, 16, 12, 8, 6, 
2016/1/3, , 20, 14, 9, 1, 3, 38
2015/7/1, , 33, 14, 3, 11, 4, 70
2015/7/2, , 34, 14, 3, 5, 3, 65
2015/7/3, , 32, 16, 9, 6, 3, 56
2015/7/4, , 29, 24, 8, 7, 3, 66
2015/7/5, , 29, 24, 8, 7, , 66
2015/7/6, , 31, 22, 5, 5, 3, 61
2015/7/7, , 31, 20, 5, 4, 3, 62
2015/7/8, , 32, 16, 14, 5, 4, 64
2015/7/9, , 36, 22, 37, 14, 5, 69
2015/7/10, , 40, 13, 20, 13, 5, 70
2015/7/11, , 31, 13, 25, 9, 4, 56
2015/7/12, , 28, 15, 21, 7, 4, 52
2015/7/13, , 22, 11, 12, 5, 3, 51
2015/6/21, , 21, 13, 2, 4, 3, 
2015/6/22, , 25, 15, 2, 3, , 
2015/6/23, , 28, 15, 2, 4, 4, 
2015/6/24, , 30, 20, 2, 4, 4, 60
2015/6/25, , 26, 19, 2, 5, 3, 57
2015/6/26, , 22, 15, 2, 4, , 46
2015/6/27, , 20, 12, 2, 3, , 42
2015/6/28, , 21, 16, 2, 6, 4, 56
2015/6/29, , 25, 17, 3, 7, 4, 60
2015/6/30, , 29, 12, 4, 9, , 58
2014/12/31, , 25, 18, 9, 3, 3, 
2013/12/31, , 27, 14, 10, 1, 4, 29