date,pm25,pm10,o3,no2,so2,co,AQI
2017-01-01,145,28.0,39,30.0,1.0,27.0,145
2017-01-02,59,10.0,42,36.0,1.0,13.0,59
2017-01-03,66,17.0,32,55.0,3.0,17.0,66
2017-01-04,72,20.0,32,48.0,4.0,20.0,72
2017-01-05,43,10.0,31,36.0,1.0,13.0,43
2017-01-06,49,31.0,39,42.0,6.0,14.0,49
2017-01-07,70,26.0,31,43.0,1.0,27.0,70
2017-01-08,82,15.0,34,43.0,3.0,39.0,82
2017-01-09,55,11.0,31,40.0,1.0,17.0,55
2017-01-10,56,13.0,34,42.0,1.0,15.0,56
2017-01-11,53,13.0,41,40.0,1.0,14.0,53
2017-01-12,48,7.0,37,38.0,3.0,13.0,48
2017-01-13,60,21.0,35,56.0,4.0,20.0,60
2017-01-14,72,18.0,38,40.0,14.0,20.0,72
2017-01-15,67,16.0,40,30.0,1.0,17.0,67
2017-01-16,72,25.0,40,48.0,1.0,13.0,72
2017-01-17,67,31.0,38,58.0,4.0,23.0,67
2017-01-18,69,26.0,40,47.0,3.0,18.0,69
2017-01-19,53,26.0,46,49.0,0.0,7.0,53
2017-01-20,38,7.0,45,38.0,1.0,8.0,45
2017-01-21,44,14.0,43,39.0,1.0,9.0,44
2017-01-22,51,6.0,43,28.0,1.0,8.0,51
2017-01-23,47,7.0,46,55.0,1.0,10.0,55
2017-01-24,62,17.0,40,54.0,1.0,14.0,62
2017-01-25,64,24.0,39,61.0,3.0,18.0,64
2017-01-26,69,19.0,42,62.0,1.0,22.0,69
2017-01-27,65,22.0,44,60.0,1.0,22.0,65
2017-01-28,75,19.0,46,51.0,4.0,32.0,75
2017-01-29,66,11.0,45,52.0,3.0,40.0,66
2017-01-30,57,20.0,43,77.0,7.0,30.0,77
2017-01-31,75,41.0,42,73.0,9.0,30.0,75
2017-02-01,71,26.0,46,54.0,6.0,23.0,71
2017-02-02,74,26.0,44,46.0,7.0,14.0,74
2017-02-03,64,18.0,31,42.0,0.0,11.0,64
2017-02-04,53,12.0,39,30.0,1.0,10.0,53
2017-02-05,66,21.0,35,20.0,1.0,9.0,66
2017-02-06,45,6.0,32,29.0,0.0,10.0,45
2017-02-07,41,10.0,29,31.0,0.0,9.0,41
2017-02-08,49,10.0,27,34.0,9.0,11.0,49
2017-02-09,54,22.0,31,40.0,3.0,14.0,54
2017-02-10,57,24.0,32,33.0,1.0,11.0,57
2017-02-11,49,13.0,40,30.0,0.0,11.0,49
2017-02-12,55,24.0,41,36.0,4.0,18.0,55
2017-02-13,58,16.0,39,45.0,7.0,22.0,58
2017-02-14,59,23.0,39,43.0,3.0,13.0,59
2017-02-15,70,30.0,44,54.0,3.0,17.0,70
2017-02-16,61,35.0,43,56.0,1.0,16.0,61
2017-02-17,35,13.0,49,30.0,3.0,8.0,49
2017-02-18,27,11.0,50,25.0,0.0,9.0,50
2017-02-19,46,13.0,44,25.0,1.0,10.0,46
2017-02-20,51,14.0,43,35.0,0.0,10.0,51
2017-02-21,56,19.0,33,48.0,1.0,14.0,56
2017-02-22,36,15.0,44,48.0,6.0,10.0,48
2017-02-23,32,12.0,46,50.0,3.0,10.0,50
2017-02-24,52,30.0,46,63.0,3.0,11.0,63
2017-02-25,60,19.0,49,38.0,3.0,18.0,60
2017-02-26,44,8.0,48,34.0,1.0,10.0,48
2017-02-27,36,11.0,41,48.0,1.0,11.0,48
2017-02-28,53,15.0,48,57.0,3.0,11.0,57
2017-03-01,58,20.0,46,60.0,6.0,18.0,60
2017-03-02,54,43.0,45,66.0,3.0,16.0,66
2017-03-03,47,19.0,49,56.0,9.0,18.0,56
2017-03-04,61,17.0,58,42.0,3.0,17.0,61
2017-03-05,43,16.0,46,25.0,1.0,10.0,46
2017-03-06,35,17.0,44,48.0,3.0,10.0,48
2017-03-07,52,33.0,44,52.0,7.0,13.0,52
2017-03-08,59,35.0,47,62.0,3.0,19.0,62
2017-03-09,66,31.0,77,71.0,14.0,18.0,77
2017-03-10,71,35.0,101,89.0,4.0,19.0,101
2017-03-11,71,29.0,112,45.0,4.0,18.0,112
2017-03-12,104,33.0,115,42.0,9.0,14.0,115
2017-03-13,125,40.0,133,69.0,10.0,16.0,133
2017-03-14,102,49.0,97,76.0,11.0,18.0,102
2017-03-15,82,34.0,84,71.0,11.0,14.0,84
2017-03-16,72,35.0,48,44.0,10.0,14.0,72
2017-03-17,89,36.0,64,57.0,20.0,15.0,89
2017-03-18,101,34.0,74,31.0,6.0,11.0,101
2017-03-19,79,26.0,64,25.0,3.0,11.0,79
2017-03-20,62,30.0,41,34.0,3.0,10.0,62
2017-03-21,54,17.0,34,29.0,1.0,11.0,54
2017-03-22,54,12.0,43,32.0,1.0,11.0,54
2017-03-23,37,18.0,47,40.0,1.0,13.0,47
2017-03-24,56,21.0,49,35.0,6.0,13.0,56
2017-03-25,45,19.0,44,28.0,1.0,11.0,45
2017-03-26,56,17.0,49,25.0,1.0,11.0,56
2017-03-27,48,27.0,47,36.0,3.0,11.0,48
2017-03-28,52,31.0,58,46.0,10.0,13.0,58
2017-03-29,55,32.0,64,58.0,9.0,15.0,64
2017-03-30,56,42.0,51,36.0,1.0,14.0,56
2017-03-31,55,21.0,51,38.0,1.0,10.0,55
2017-04-01,58,30.0,61,37.0,4.0,13.0,61
2017-04-02,59,26.0,61,33.0,4.0,13.0,61
2017-04-03,75,29.0,48,28.0,1.0,11.0,75
2017-04-04,77,31.0,71,44.0,6.0,14.0,77
2017-04-05,68,33.0,100,50.0,7.0,15.0,100
2017-04-06,69,34.0,58,42.0,7.0,9.0,69
2017-04-07,61,25.0,77,31.0,3.0,7.0,77
2017-04-08,45,15.0,50,20.0,1.0,7.0,50
2017-04-09,47,19.0,67,37.0,4.0,7.0,67
2017-04-10,54,27.0,97,56.0,4.0,11.0,97
2017-04-11,60,28.0,87,48.0,4.0,10.0,87
2017-04-12,55,26.0,47,31.0,3.0,8.0,55
2017-04-13,44,30.0,44,34.0,6.0,8.0,44
2017-04-14,42,24.0,58,37.0,1.0,8.0,58
2017-04-15,53,26.0,112,37.0,9.0,11.0,112
2017-04-16,54,22.0,108,34.0,7.0,9.0,108
2017-04-17,38,19.0,41,41.0,7.0,8.0,41
2017-04-18,31,18.0,31,34.0,3.0,8.0,34
2017-04-19,45,26.0,49,35.0,3.0,8.0,49
2017-04-20,53,29.0,71,40.0,3.0,9.0,71
2017-04-21,60,35.0,140,62.0,11.0,11.0,140
2017-04-22,61,33.0,161,45.0,6.0,10.0,161
2017-04-23,58,30.0,84,26.0,3.0,10.0,84
2017-04-24,57,37.0,51,33.0,1.0,8.0,57
2017-04-25,52,57.0,71,34.0,3.0,8.0,71
2017-04-26,53,34.0,67,35.0,3.0,8.0,67
2017-04-27,53,30.0,74,32.0,3.0,8.0,74
2017-04-28,48,44.0,84,38.0,4.0,8.0,84
2017-04-29,41,58.0,100,48.0,3.0,7.0,100
2017-04-30,56,29.0,112,40.0,3.0,11.0,112
2017-05-01,61,43.0,140,44.0,6.0,10.0,140
2017-05-02,63,36.0,147,47.0,6.0,10.0,147
2017-05-03,67,41.0,156,37.0,4.0,9.0,156
2017-05-04,65,43.0,126,40.0,6.0,9.0,126
2017-05-05,80,41.0,58,40.0,1.0,9.0,80
2017-05-06,52,18.0,46,17.0,1.0,8.0,52
2017-05-07,56,18.0,45,28.0,0.0,9.0,56
2017-05-08,57,22.0,50,42.0,3.0,11.0,57
2017-05-09,64,33.0,47,29.0,1.0,9.0,64
2017-05-10,56,20.0,44,31.0,1.0,9.0,56
2017-05-11,57,31.0,61,40.0,0.0,9.0,61
2017-05-12,70,33.0,50,31.0,3.0,9.0,70
2017-05-13,55,31.0,67,28.0,3.0,9.0,67
2017-05-14,61,24.0,67,27.0,1.0,9.0,67
2017-05-15,52,23.0,49,32.0,1.0,8.0,52
2017-05-16,54,25.0,45,36.0,3.0,6.0,54
2017-05-17,59,35.0,48,42.0,1.0,9.0,59
2017-05-18,57,34.0,50,61.0,4.0,8.0,61
2017-05-19,62,46.0,84,47.0,3.0,13.0,84
2017-05-20,61,35.0,129,42.0,11.0,11.0,129
2017-05-21,60,28.0,143,41.0,3.0,11.0,143
2017-05-22,69,43.0,154,36.0,6.0,10.0,154
2017-05-23,65,44.0,112,43.0,7.0,10.0,112
2017-05-24,68,39.0,119,30.0,6.0,9.0,119
2017-05-25,54,22.0,48,32.0,3.0,9.0,54
2017-05-26,43,16.0,45,30.0,1.0,9.0,45
2017-05-27,49,19.0,64,29.0,1.0,9.0,64
2017-05-28,80,25.0,108,26.0,1.0,9.0,108
2017-05-29,65,32.0,97,36.0,0.0,9.0,97
2017-05-30,78,41.0,93,33.0,1.0,9.0,93
2017-05-31,80,43.0,67,31.0,1.0,10.0,80
2017-06-01,68,32.0,93,39.0,1.0,10.0,93
2017-06-02,75,44.0,136,38.0,6.0,10.0,136
2017-06-03,87,43.0,169,25.0,1.0,10.0,169
2017-06-04,93,36.0,150,21.0,13.0,9.0,150
2017-06-05,77,42.0,101,26.0,1.0,10.0,101
2017-06-06,80,37.0,77,28.0,0.0,10.0,80
2017-06-07,68,33.0,101,33.0,3.0,10.0,101
2017-06-08,56,31.0,77,47.0,3.0,10.0,77
2017-06-09,48,30.0,50,29.0,4.0,10.0,50
2017-06-10,47,18.0,40,18.0,1.0,9.0,47
2017-06-11,48,22.0,42,17.0,1.0,9.0,48
2017-06-12,43,39.0,44,31.0,1.0,10.0,44
2017-06-13,56,33.0,93,47.0,6.0,11.0,93
2017-06-14,63,40.0,159,42.0,4.0,11.0,159
2017-06-15,68,39.0,143,42.0,3.0,13.0,143
2017-06-16,66,38.0,195,40.0,7.0,13.0,195
2017-06-17,66,34.0,190,34.0,3.0,11.0,190
2017-06-18,68,31.0,164,33.0,3.0,11.0,164
2017-06-19,64,44.0,172,40.0,7.0,11.0,172
2017-06-20,76,45.0,197,49.0,9.0,13.0,197
2017-06-21,65,52.0,164,49.0,20.0,13.0,164
2017-06-22,70,46.0,115,24.0,3.0,10.0,115
2017-06-23,71,46.0,156,27.0,6.0,6.0,156
2017-06-24,68,43.0,151,22.0,4.0,13.0,151
2017-06-25,65,40.0,195,34.0,3.0,13.0,195
2017-06-26,64,37.0,129,53.0,6.0,14.0,129
2017-06-27,55,30.0,115,41.0,7.0,13.0,115
2017-06-28,63,38.0,115,26.0,3.0,10.0,115
2017-06-29,105,51.0,150,32.0,4.0,9.0,150
2017-06-30,76,50.0,151,26.0,3.0,8.0,151
2017-07-01,79,49.0,143,24.0,1.0,8.0,143
2017-07-02,64,36.0,115,18.0,1.0,8.0,115
2017-07-03,71,40.0,159,37.0,7.0,9.0,159
2017-07-04,149,51.0,169,31.0,7.0,9.0,169
2017-07-05,179,93.0,182,35.0,4.0,9.0,182
2017-07-06,70,53.0,204,38.0,4.0,9.0,204
2017-07-07,77,57.0,224,51.0,3.0,11.0,224
2017-07-08,82,51.0,209,42.0,3.0,10.0,209
2017-07-09,71,51.0,101,18.0,3.0,10.0,101
2017-07-10,70,47.0,112,30.0,6.0,10.0,112
2017-07-11,54,34.0,71,28.0,3.0,9.0,71
2017-07-12,56,43.0,84,30.0,3.0,9.0,84
2017-07-13,63,38.0,97,29.0,7.0,9.0,97
2017-07-14,65,45.0,156,36.0,6.0,11.0,156
2017-07-15,76,45.0,203,30.0,3.0,10.0,203
2017-07-16,83,45.0,159,19.0,1.0,10.0,159
2017-07-17,72,47.0,101,24.0,1.0,10.0,101
2017-07-18,69,47.0,154,31.0,4.0,10.0,154
2017-07-19,73,47.0,164,36.0,7.0,10.0,164
2017-07-20,75,45.0,136,30.0,6.0,10.0,136
2017-07-21,79,45.0,154,25.0,3.0,10.0,154
2017-07-22,80,50.0,177,24.0,3.0,10.0,177
2017-07-23,77,45.0,164,21.0,4.0,10.0,164
2017-07-24,68,38.0,61,28.0,6.0,10.0,68
2017-07-25,66,40.0,84,31.0,1.0,10.0,84
2017-07-26,61,35.0,100,31.0,4.0,10.0,100
2017-07-27,63,38.0,105,32.0,3.0,11.0,105
2017-07-28,74,39.0,126,25.0,4.0,10.0,126
2017-07-29,74,42.0,133,21.0,6.0,10.0,133
2017-07-30,81,37.0,122,16.0,1.0,10.0,122
2017-07-31,76,47.0,164,36.0,4.0,10.0,164
2017-08-01,79,52.0,140,37.0,3.0,6.0,140
2017-08-02,77,56.0,122,40.0,4.0,11.0,122
2017-08-03,77,44.0,161,43.0,3.0,14.0,161
2017-08-04,66,38.0,126,33.0,3.0,11.0,126
2017-08-05,67,29.0,115,21.0,1.0,10.0,115
2017-08-06,74,30.0,119,24.0,9.0,10.0,119
2017-08-07,66,44.0,108,35.0,10.0,11.0,108
2017-08-08,71,44.0,122,35.0,7.0,11.0,122
2017-08-09,72,46.0,119,36.0,1.0,11.0,119
2017-08-10,72,49.0,143,39.0,4.0,11.0,143
2017-08-11,72,52.0,140,42.0,6.0,13.0,140
2017-08-12,77,49.0,156,26.0,1.0,13.0,156
2017-08-13,87,43.0,150,18.0,3.0,11.0,150
2017-08-14,73,44.0,97,28.0,1.0,11.0,97
2017-08-15,58,23.0,50,18.0,1.0,10.0,58
2017-08-16,64,32.0,90,26.0,1.0,10.0,90
2017-08-17,63,44.0,93,38.0,1.0,10.0,93
2017-08-18,68,45.0,112,29.0,4.0,9.0,112
2017-08-19,66,43.0,105,25.0,4.0,9.0,105
2017-08-20,84,37.0,80,14.0,4.0,9.0,84
2017-08-21,85,37.0,74,28.0,3.0,9.0,85
2017-08-22,64,40.0,97,34.0,3.0,9.0,97
2017-08-23,70,48.0,126,36.0,1.0,5.0,126
2017-08-24,84,52.0,115,34.0,3.0,10.0,115
2017-08-25,95,53.0,154,36.0,1.0,11.0,154
2017-08-26,85,50.0,190,29.0,4.0,11.0,190
2017-08-27,68,37.0,164,33.0,4.0,11.0,164
2017-08-28,76,51.0,201,42.0,4.0,11.0,201
2017-08-29,89,65.0,208,46.0,4.0,14.0,208
2017-08-30,78,55.0,209,66.0,10.0,13.0,209
2017-08-31,72,50.0,174,56.0,10.0,13.0,174
2017-09-01,71,52.0,206,56.0,14.0,9.0,206
2017-09-02,77,44.0,156,47.0,6.0,14.0,156
2017-09-03,69,51.0,77,41.0,1.0,14.0,77
2017-09-04,64,29.0,51,18.0,1.0,11.0,64
2017-09-05,69,37.0,67,33.0,1.0,11.0,69
2017-09-06,65,40.0,61,34.0,1.0,14.0,65
2017-09-07,75,42.0,112,43.0,4.0,11.0,112
2017-09-08,77,41.0,80,35.0,3.0,11.0,80
2017-09-09,75,40.0,101,25.0,6.0,13.0,101
2017-09-10,66,31.0,177,31.0,14.0,14.0,177
2017-09-11,66,44.0,119,43.0,4.0,13.0,119
2017-09-12,63,41.0,84,41.0,0.0,11.0,84
2017-09-13,63,31.0,49,33.0,0.0,10.0,63
2017-09-14,58,20.0,43,32.0,3.0,11.0,58
2017-09-15,57,24.0,50,29.0,4.0,11.0,57
2017-09-16,67,31.0,80,25.0,3.0,11.0,80
2017-09-17,66,31.0,93,23.0,0.0,13.0,93
2017-09-18,68,40.0,101,46.0,1.0,13.0,101
2017-09-19,72,39.0,58,32.0,3.0,11.0,72
2017-09-20,67,33.0,67,42.0,1.0,11.0,67
2017-09-21,59,24.0,38,29.0,0.0,10.0,59
2017-09-22,58,29.0,46,33.0,1.0,11.0,58
2017-09-23,56,27.0,64,29.0,3.0,13.0,64
2017-09-24,53,18.0,84,41.0,3.0,13.0,84
2017-09-25,54,21.0,64,62.0,7.0,17.0,64
2017-09-26,84,39.0,93,49.0,4.0,22.0,93
2017-09-27,74,24.0,84,55.0,11.0,15.0,84
2017-09-28,72,50.0,93,63.0,10.0,15.0,93
2017-09-29,66,40.0,119,57.0,21.0,16.0,119
2017-09-30,92,39.0,147,46.0,1.0,15.0,147
2017-10-01,78,46.0,90,17.0,1.0,11.0,90
2017-10-02,68,54.0,71,42.0,1.0,13.0,71
2017-10-03,68,36.0,50,39.0,0.0,11.0,68
2017-10-04,62,44.0,71,46.0,1.0,13.0,71
2017-10-05,65,45.0,112,54.0,4.0,16.0,112
2017-10-06,68,36.0,129,79.0,6.0,18.0,129
2017-10-07,68,44.0,136,53.0,3.0,22.0,136
2017-10-08,71,34.0,119,42.0,1.0,14.0,119
2017-10-09,67,56.0,49,51.0,3.0,9.0,67
2017-10-10,69,48.0,58,55.0,7.0,13.0,69
2017-10-11,68,53.0,74,47.0,0.0,13.0,74
2017-10-12,82,60.0,87,42.0,1.0,9.0,87
2017-10-13,88,53.0,97,42.0,3.0,11.0,97
2017-10-14,95,48.0,136,48.0,7.0,14.0,136
2017-10-15,72,33.0,100,61.0,4.0,19.0,100
2017-10-16,67,45.0,84,87.0,4.0,22.0,87
2017-10-17,67,44.0,108,88.0,11.0,23.0,108
2017-10-18,80,48.0,119,54.0,4.0,14.0,119
2017-10-19,94,56.0,87,48.0,9.0,9.0,94
2017-10-20,64,44.0,43,29.0,1.0,8.0,64
2017-10-21,55,29.0,54,46.0,3.0,13.0,55
2017-10-22,54,30.0,67,46.0,3.0,20.0,67
2017-10-23,55,31.0,61,73.0,9.0,19.0,73
2017-10-24,67,43.0,48,104.0,7.0,33.0,104
2017-10-25,53,37.0,54,71.0,4.0,22.0,71
2017-10-26,64,36.0,74,76.0,11.0,20.0,76
2017-10-27,71,39.0,97,74.0,10.0,24.0,97
2017-10-28,94,52.0,90,42.0,7.0,15.0,94
2017-10-29,118,52.0,105,25.0,1.0,10.0,118
2017-10-30,64,32.0,44,35.0,1.0,8.0,64
2017-10-31,63,17.0,43,33.0,1.0,9.0,63
2017-11-01,59,22.0,43,34.0,1.0,8.0,59
2017-11-02,50,19.0,38,45.0,1.0,9.0,50
2017-11-03,54,16.0,41,37.0,1.0,9.0,54
2017-11-04,51,23.0,38,35.0,3.0,10.0,51
2017-11-05,43,19.0,36,25.0,1.0,11.0,43
2017-11-06,48,24.0,41,34.0,4.0,10.0,48
2017-11-07,50,20.0,42,48.0,7.0,11.0,50
2017-11-08,47,20.0,32,48.0,6.0,14.0,48
2017-11-09,45,16.0,35,33.0,0.0,9.0,45
2017-11-10,57,22.0,38,32.0,3.0,9.0,57
2017-11-11,66,31.0,45,34.0,10.0,17.0,66
2017-11-12,92,38.0,41,41.0,7.0,16.0,92
2017-11-13,88,45.0,46,70.0,4.0,22.0,88
2017-11-14,95,51.0,47,72.0,7.0,20.0,95
2017-11-15,91,55.0,38,80.0,10.0,23.0,91
2017-11-16,87,46.0,33,88.0,10.0,28.0,88
2017-11-17,47,22.0,31,36.0,3.0,13.0,47
2017-11-18,59,24.0,43,40.0,1.0,15.0,59
2017-11-19,67,31.0,44,45.0,4.0,17.0,67
2017-11-20,74,40.0,43,60.0,7.0,20.0,74
2017-11-21,75,58.0,38,79.0,7.0,27.0,79
2017-11-22,67,40.0,39,85.0,16.0,30.0,85
2017-11-23,54,23.0,44,50.0,6.0,23.0,54
2017-11-24,74,35.0,58,60.0,27.0,26.0,74
2017-11-25,81,40.0,71,51.0,6.0,25.0,81
2017-11-26,126,43.0,71,38.0,6.0,19.0,126
2017-11-27,71,35.0,42,42.0,1.0,14.0,71
2017-11-28,57,33.0,38,57.0,1.0,15.0,57
2017-11-29,68,33.0,39,53.0,4.0,16.0,68
2017-11-30,79,43.0,43,70.0,4.0,27.0,79
2017-12-01,78,42.0,38,60.0,6.0,18.0,78
2017-12-02,80,38.0,37,60.0,3.0,30.0,80
2017-12-03,77,31.0,41,37.0,3.0,23.0,77
2017-12-04,59,87.0,43,52.0,0.0,14.0,87
2017-12-05,70,79.0,44,68.0,3.0,11.0,79
2017-12-06,107,19.0,40,96.0,9.0,26.0,107
2017-12-07,84,34.0,41,91.0,10.0,18.0,91
2017-12-08,101,32.0,36,68.0,3.0,28.0,101
2017-12-09,70,47.0,40,54.0,3.0,35.0,70
2017-12-10,62,22.0,39,50.0,3.0,28.0,62
2017-12-11,67,34.0,34,66.0,3.0,33.0,67
2017-12-12,89,38.0,35,86.0,3.0,34.0,89
2017-12-13,88,47.0,34,77.0,4.0,40.0,88
2017-12-14,107,55.0,43,76.0,11.0,31.0,107
2017-12-15,100,60.0,47,69.0,9.0,33.0,100
2017-12-16,90,64.0,44,52.0,1.0,33.0,90
2017-12-17,89,35.0,40,42.0,1.0,31.0,89
2017-12-18,56,33.0,37,53.0,7.0,19.0,56
2017-12-19,75,43.0,34,57.0,4.0,26.0,75
2017-12-20,72,50.0,41,46.0,3.0,16.0,72
2017-12-21,47,54.0,43,62.0,3.0,16.0,62
2017-12-22,70,44.0,33,68.0,6.0,19.0,70
2017-12-23,84,39.0,33,48.0,3.0,38.0,84
2017-12-24,157,48.0,34,52.0,9.0,31.0,157
2017-12-25,169,56.0,41,57.0,6.0,52.0,169
2017-12-26,155,64.0,39,70.0,4.0,25.0,155
2017-12-27,154,71.0,38,87.0,6.0,35.0,154
2017-12-28,131,64.0,34,84.0,13.0,32.0,131
2017-12-29,90,53.0,35,80.0,9.0,35.0,90
2017-12-30,115,42.0,42,61.0,9.0,32.0,115
2017-12-31,141,45.0,38,48.0,4.0,18.0,141
2018-01-01,180,54.0,44,56.0,3.0,40.0,180
2018-01-02,157,70.0,36,67.0,3.0,24.0,157
2018-01-03,134,60.0,28,84.0,6.0,27.0,134
2018-01-04,98,47.0,39,62.0,4.0,24.0,98
2018-01-05,69,28.0,31,56.0,4.0,17.0,69
2018-01-06,66,31.0,35,38.0,4.0,14.0,66
2018-01-07,92,30.0,35,37.0,4.0,13.0,92
2018-01-08,73,29.0,24,42.0,1.0,15.0,73
2018-01-09,48,6.0,39,43.0,1.0,10.0,48
2018-01-10,64,20.0,32,37.0,3.0,13.0,64
2018-01-11,83,34.0,31,48.0,3.0,19.0,83
2018-01-12,112,49.0,36,62.0,3.0,26.0,112
2018-01-13,55,20.0,43,45.0,1.0,25.0,55
2018-01-14,49,25.0,41,47.0,3.0,17.0,49
2018-01-15,81,26.0,40,62.0,10.0,22.0,81
2018-01-16,92,44.0,37,68.0,4.0,18.0,92
2018-01-17,98,54.0,35,71.0,4.0,24.0,98
2018-01-18,82,42.0,37,57.0,4.0,26.0,82
2018-01-19,69,30.0,37,38.0,1.0,11.0,69
2018-01-20,38,39.0,40,35.0,1.0,9.0,40
2018-01-21,56,31.0,38,40.0,4.0,13.0,56
2018-01-22,65,36.0,39,44.0,3.0,19.0,65
2018-01-23,56,28.0,36,49.0,1.0,15.0,56
2018-01-24,46,26.0,41,48.0,6.0,16.0,48
2018-01-25,54,27.0,39,41.0,1.0,16.0,54
2018-01-26,56,30.0,40,44.0,1.0,16.0,56
2018-01-27,65,30.0,42,48.0,1.0,23.0,65
2018-01-28,68,36.0,42,45.0,16.0,30.0,68
2018-01-29,60,21.0,35,68.0,3.0,31.0,68
2018-01-30,53,32.0,31,56.0,4.0,18.0,56
2018-01-31,68,32.0,38,78.0,6.0,26.0,78
2018-02-01,101,56.0,48,88.0,4.0,28.0,101
2018-02-02,94,25.0,58,85.0,7.0,23.0,94
2018-02-03,109,29.0,97,89.0,7.0,32.0,109
2018-02-04,97,20.0,87,54.0,3.0,20.0,97
2018-02-05,88,26.0,51,47.0,3.0,20.0,88
2018-02-06,109,35.0,43,50.0,1.0,13.0,109
2018-02-07,79,44.0,42,64.0,1.0,18.0,79
2018-02-08,76,28.0,42,81.0,3.0,25.0,81
2018-02-09,69,31.0,46,46.0,3.0,18.0,69
2018-02-10,88,42.0,44,33.0,0.0,13.0,88
2018-02-11,73,64.0,47,32.0,3.0,23.0,73
2018-02-12,51,31.0,42,33.0,1.0,10.0,51
2018-02-13,50,16.0,43,41.0,1.0,13.0,50
2018-02-14,54,16.0,41,51.0,1.0,13.0,54
2018-02-15,55,23.0,44,51.0,3.0,14.0,55
2018-02-16,48,18.0,48,58.0,4.0,18.0,58
2018-02-17,55,24.0,50,42.0,6.0,16.0,55
2018-02-18,56,17.0,54,34.0,1.0,17.0,56
2018-02-19,53,65.0,43,26.0,1.0,10.0,65
2018-02-20,51,19.0,42,51.0,3.0,11.0,51
2018-02-21,45,19.0,44,50.0,1.0,13.0,50
2018-02-22,60,18.0,44,42.0,1.0,14.0,60
2018-02-23,43,23.0,45,40.0,3.0,14.0,45
2018-02-24,49,14.0,46,42.0,1.0,16.0,49
2018-02-25,48,23.0,49,43.0,1.0,14.0,49
2018-02-26,53,22.0,48,56.0,4.0,23.0,56
2018-02-27,43,12.0,43,47.0,0.0,11.0,47
2018-02-28,59,12.0,45,47.0,1.0,14.0,59
2018-03-01,59,17.0,44,41.0,1.0,13.0,59
2018-03-02,50,9.0,39,32.0,1.0,11.0,50
2018-03-03,48,12.0,44,31.0,1.0,11.0,48
2018-03-04,57,7.0,43,34.0,3.0,14.0,57
2018-03-05,35,7.0,47,51.0,4.0,15.0,51
2018-03-06,34,10.0,47,60.0,3.0,15.0,60
2018-03-07,58,21.0,37,61.0,6.0,18.0,61
2018-03-08,63,24.0,44,60.0,9.0,18.0,63
2018-03-09,67,26.0,39,44.0,3.0,10.0,67
2018-03-10,76,22.0,27,25.0,1.0,8.0,76
2018-03-11,53,9.0,34,26.0,1.0,8.0,53
2018-03-12,62,25.0,41,31.0,3.0,8.0,62
2018-03-13,61,24.0,31,33.0,3.0,8.0,61
2018-03-14,39,7.0,41,27.0,0.0,7.0,41
2018-03-15,32,19.0,45,28.0,1.0,7.0,45
2018-03-16,42,12.0,42,31.0,1.0,8.0,42
2018-03-17,38,7.0,43,22.0,0.0,7.0,43
2018-03-18,52,11.0,44,25.0,3.0,9.0,52
2018-03-19,52,11.0,46,49.0,3.0,14.0,52
2018-03-20,56,22.0,44,43.0,7.0,14.0,56
2018-03-21,60,21.0,40,48.0,3.0,10.0,60
2018-03-22,57,10.0,35,29.0,1.0,13.0,57
2018-03-23,51,11.0,45,33.0,3.0,9.0,51
2018-03-24,53,16.0,46,25.0,1.0,9.0,53
2018-03-25,48,14.0,49,22.0,1.0,9.0,49
2018-03-26,38,14.0,46,41.0,3.0,10.0,46
2018-03-27,40,30.0,50,42.0,13.0,10.0,50
2018-03-28,58,20.0,54,41.0,4.0,11.0,58
2018-03-29,78,31.0,84,50.0,4.0,11.0,84
2018-03-30,81,37.0,105,41.0,7.0,13.0,105
2018-03-31,89,33.0,90,43.0,7.0,11.0,90
2018-04-01,83,33.0,61,17.0,0.0,10.0,83
2018-04-02,73,23.0,58,31.0,4.0,11.0,73
2018-04-03,66,35.0,61,36.0,1.0,9.0,66
2018-04-04,81,48.0,77,29.0,3.0,10.0,81
2018-04-05,101,51.0,51,30.0,3.0,9.0,101
2018-04-06,63,37.0,50,34.0,1.0,10.0,63
2018-04-07,56,24.0,40,20.0,1.0,9.0,56
2018-04-08,55,28.0,50,31.0,6.0,13.0,55
2018-04-09,67,40.0,87,77.0,11.0,14.0,87
2018-04-10,67,35.0,112,52.0,13.0,14.0,112
2018-04-11,65,31.0,71,43.0,7.0,10.0,71
2018-04-12,42,35.0,58,42.0,1.0,10.0,58
2018-04-13,47,39.0,64,57.0,1.0,14.0,64
2018-04-14,62,40.0,112,49.0,7.0,18.0,112
2018-04-15,60,29.0,87,38.0,4.0,13.0,87
2018-04-16,56,22.0,47,34.0,1.0,10.0,56
2018-04-17,40,19.0,61,51.0,3.0,10.0,61
2018-04-18,46,19.0,87,52.0,4.0,13.0,87
2018-04-19,46,17.0,47,33.0,1.0,9.0,47
2018-04-20,58,30.0,54,33.0,6.0,11.0,58
2018-04-21,67,28.0,112,36.0,9.0,13.0,112
2018-04-22,72,25.0,105,33.0,4.0,11.0,105
2018-04-23,83,41.0,101,33.0,4.0,10.0,101
2018-04-24,92,45.0,108,42.0,4.0,10.0,108
2018-04-25,83,48.0,112,38.0,4.0,11.0,112
2018-04-26,70,44.0,67,40.0,4.0,10.0,70
2018-04-27,69,38.0,64,29.0,4.0,11.0,69
2018-04-28,62,33.0,58,27.0,1.0,11.0,62
2018-04-29,58,27.0,58,21.0,1.0,10.0,58
2018-04-30,59,26.0,46,29.0,1.0,9.0,59
2018-05-01,64,21.0,54,34.0,1.0,9.0,64
2018-05-02,66,23.0,44,34.0,1.0,10.0,66
2018-05-03,65,26.0,54,40.0,1.0,13.0,65
2018-05-04,63,31.0,105,51.0,7.0,15.0,105
2018-05-05,64,31.0,133,42.0,6.0,14.0,133
2018-05-06,65,28.0,108,34.0,4.0,11.0,108
2018-05-07,66,35.0,108,44.0,3.0,11.0,108
2018-05-08,75,44.0,164,33.0,4.0,10.0,164
2018-05-09,81,47.0,122,31.0,4.0,10.0,122
2018-05-10,78,47.0,87,28.0,4.0,11.0,87
2018-05-11,64,36.0,47,22.0,1.0,10.0,64
2018-05-12,56,23.0,45,16.0,1.0,10.0,56
2018-05-13,56,15.0,47,21.0,0.0,10.0,56
2018-05-14,61,28.0,64,29.0,1.0,10.0,64
2018-05-15,62,23.0,77,25.0,1.0,10.0,77
2018-05-16,54,21.0,71,33.0,4.0,11.0,71
2018-05-17,59,26.0,64,28.0,1.0,10.0,64
2018-05-18,70,28.0,71,27.0,1.0,11.0,71
2018-05-19,75,26.0,58,23.0,1.0,11.0,75
2018-05-20,68,26.0,54,17.0,1.0,11.0,68
2018-05-21,62,21.0,46,32.0,1.0,13.0,62
2018-05-22,62,22.0,64,28.0,1.0,11.0,64
2018-05-23,63,23.0,67,38.0,1.0,8.0,67
2018-05-24,58,25.0,64,27.0,1.0,7.0,64
2018-05-25,49,13.0,45,29.0,1.0,7.0,49
2018-05-26,55,22.0,42,20.0,4.0,7.0,55
2018-05-27,68,19.0,54,19.0,3.0,8.0,68
2018-05-28,71,32.0,90,19.0,4.0,8.0,90
2018-05-29,86,38.0,93,27.0,1.0,8.0,93
2018-05-30,58,26.0,54,22.0,3.0,7.0,58
2018-05-31,57,21.0,51,29.0,1.0,8.0,57
2018-06-01,63,30.0,87,34.0,1.0,8.0,87
2018-06-02,70,30.0,136,31.0,3.0,8.0,136
2018-06-03,77,31.0,133,27.0,6.0,8.0,133
2018-06-04,80,61.0,129,28.0,1.0,8.0,129
2018-06-05,81,42.0,74,25.0,1.0,8.0,81
2018-06-06,75,36.0,84,36.0,0.0,8.0,84
2018-06-07,75,33.0,105,36.0,4.0,9.0,105
2018-06-08,70,35.0,140,46.0,6.0,9.0,140
2018-06-09,72,45.0,122,36.0,3.0,10.0,122
2018-06-10,66,34.0,101,33.0,4.0,9.0,101
2018-06-11,67,44.0,140,32.0,4.0,9.0,140
2018-06-12,74,50.0,119,37.0,1.0,8.0,119
2018-06-13,72,48.0,126,35.0,4.0,8.0,126
2018-06-14,81,35.0,108,41.0,6.0,8.0,108
2018-06-15,72,36.0,74,31.0,3.0,8.0,74
2018-06-16,68,31.0,47,18.0,3.0,8.0,68
2018-06-17,59,19.0,45,12.0,3.0,7.0,59
2018-06-18,66,23.0,74,32.0,0.0,8.0,74
2018-06-19,75,36.0,115,28.0,3.0,8.0,115
2018-06-20,87,45.0,172,31.0,1.0,8.0,172
2018-06-21,106,50.0,172,26.0,3.0,9.0,172
2018-06-22,95,45.0,185,30.0,3.0,9.0,185
2018-06-23,89,33.0,126,21.0,1.0,8.0,126
2018-06-24,70,27.0,122,12.0,1.0,8.0,122
2018-06-25,67,34.0,126,27.0,4.0,8.0,126
2018-06-26,62,32.0,126,34.0,3.0,9.0,126
2018-06-27,69,39.0,115,28.0,3.0,9.0,115
2018-06-28,75,33.0,115,25.0,3.0,9.0,115
2018-06-29,71,32.0,93,20.0,1.0,8.0,93
2018-06-30,63,28.0,101,13.0,1.0,8.0,101
2018-07-01,60,23.0,90,15.0,3.0,9.0,90
2018-07-02,55,27.0,93,25.0,3.0,9.0,93
2018-07-03,59,30.0,84,22.0,3.0,9.0,84
2018-07-04,118,45.0,93,19.0,6.0,9.0,118
2018-07-05,166,74.0,122,39.0,3.0,10.0,166
2018-07-06,66,39.0,156,56.0,10.0,14.0,156
2018-07-07,70,54.0,185,40.0,7.0,11.0,185
2018-07-08,68,33.0,122,26.0,3.0,10.0,122
2018-07-09,72,68.0,108,33.0,3.0,11.0,108
2018-07-10,71,51.0,108,29.0,9.0,10.0,108
2018-07-11,59,49.0,90,29.0,10.0,10.0,90
2018-07-12,56,40.0,58,25.0,13.0,11.0,58
2018-07-13,61,46.0,80,30.0,1.0,11.0,80
2018-07-14,58,31.0,87,23.0,7.0,10.0,87
2018-07-15,57,27.0,93,19.0,3.0,10.0,93
2018-07-16,62,40.0,97,29.0,1.0,10.0,97
2018-07-17,66,43.0,129,42.0,1.0,10.0,129
2018-07-18,71,42.0,115,30.0,6.0,10.0,115
2018-07-19,66,49.0,122,26.0,3.0,10.0,122
2018-07-20,56,27.0,84,30.0,6.0,10.0,84
2018-07-21,50,20.0,67,15.0,3.0,10.0,67
2018-07-22,45,19.0,74,21.0,6.0,10.0,74
2018-07-23,60,39.0,150,36.0,3.0,11.0,150
2018-07-24,72,49.0,195,41.0,6.0,17.0,195
2018-07-25,78,53.0,185,30.0,3.0,8.0,185
2018-07-26,83,50.0,190,33.0,1.0,8.0,190
2018-07-27,83,48.0,172,34.0,6.0,8.0,172
2018-07-28,76,34.0,136,19.0,3.0,7.0,136
2018-07-29,61,29.0,108,18.0,7.0,7.0,108
2018-07-30,59,36.0,122,33.0,4.0,9.0,122
2018-07-31,56,55.0,97,43.0,4.0,8.0,97
2018-08-01,54,35.0,80,38.0,1.0,8.0,80
2018-08-02,60,37.0,115,28.0,7.0,8.0,115
2018-08-03,70,35.0,112,40.0,3.0,9.0,112
2018-08-04,90,52.0,154,27.0,4.0,9.0,154
2018-08-05,72,34.0,151,28.0,3.0,9.0,151
2018-08-06,72,57.0,197,41.0,6.0,10.0,197
2018-08-07,84,51.0,201,55.0,3.0,9.0,201
2018-08-08,60,33.0,112,49.0,3.0,8.0,112
2018-08-09,113,47.0,172,42.0,1.0,8.0,172
2018-08-10,62,35.0,93,39.0,4.0,10.0,93
2018-08-11,57,30.0,74,26.0,6.0,8.0,74
2018-08-12,59,28.0,90,21.0,1.0,7.0,90
2018-08-13,56,28.0,87,23.0,4.0,7.0,87
2018-08-14,55,28.0,80,29.0,3.0,8.0,80
2018-08-15,59,33.0,100,31.0,3.0,7.0,100
2018-08-16,67,40.0,97,21.0,4.0,7.0,97
2018-08-17,77,44.0,129,25.0,1.0,7.0,129
2018-08-18,76,40.0,126,18.0,6.0,8.0,126
2018-08-19,77,44.0,136,25.0,3.0,8.0,136
2018-08-20,83,45.0,101,28.0,1.0,8.0,101
2018-08-21,84,46.0,112,31.0,3.0,7.0,112
2018-08-22,70,40.0,93,28.0,4.0,8.0,93
2018-08-23,76,39.0,93,31.0,3.0,9.0,93
2018-08-24,92,45.0,126,32.0,1.0,10.0,126
2018-08-25,99,46.0,147,23.0,1.0,10.0,147
2018-08-26,88,40.0,133,17.0,3.0,9.0,133
2018-08-27,88,44.0,119,26.0,1.0,8.0,119
2018-08-28,71,41.0,101,27.0,1.0,8.0,101
2018-08-29,59,30.0,71,31.0,4.0,8.0,71
2018-08-30,68,54.0,97,36.0,6.0,9.0,97
2018-08-31,66,43.0,164,30.0,3.0,8.0,164
2018-09-01,70,40.0,115,26.0,0.0,8.0,115
2018-09-02,74,34.0,101,13.0,1.0,7.0,101
2018-09-03,68,40.0,84,19.0,1.0,7.0,84
2018-09-04,66,37.0,97,37.0,3.0,8.0,97
2018-09-05,64,32.0,90,38.0,0.0,8.0,90
2018-09-06,78,35.0,97,37.0,0.0,8.0,97
2018-09-07,68,45.0,147,37.0,7.0,11.0,147
2018-09-08,83,38.0,192,45.0,3.0,11.0,192
2018-09-09,74,31.0,143,42.0,3.0,10.0,143
2018-09-10,64,37.0,126,38.0,3.0,7.0,126
2018-09-11,70,37.0,122,37.0,6.0,7.0,122
2018-09-12,68,39.0,115,33.0,3.0,8.0,115
2018-09-13,63,32.0,101,50.0,7.0,9.0,101
2018-09-14,56,32.0,67,51.0,10.0,13.0,67
2018-09-15,55,32.0,93,35.0,6.0,9.0,93
2018-09-16,52,27.0,87,30.0,4.0,9.0,87
2018-09-17,58,46.0,87,47.0,9.0,11.0,87
2018-09-18,54,28.0,105,46.0,3.0,9.0,105
2018-09-19,60,31.0,133,41.0,3.0,9.0,133
2018-09-20,67,68.0,108,44.0,0.0,8.0,108
2018-09-21,69,66.0,105,38.0,4.0,10.0,105
2018-09-22,60,41.0,115,31.0,6.0,9.0,115
2018-09-23,54,30.0,97,26.0,9.0,9.0,97
2018-09-24,62,35.0,61,30.0,1.0,8.0,62
2018-09-25,71,46.0,58,36.0,3.0,9.0,71
2018-09-26,67,52.0,112,40.0,3.0,10.0,112
2018-09-27,74,56.0,150,43.0,3.0,9.0,150
2018-09-28,79,52.0,100,33.0,24.0,8.0,100
2018-09-29,59,31.0,64,22.0,4.0,6.0,64
2018-09-30,53,20.0,50,31.0,7.0,7.0,53
2018-10-01,68,23.0,43,62.0,3.0,10.0,68
2018-10-02,45,28.0,38,33.0,7.0,8.0,45
2018-10-03,41,23.0,29,23.0,0.0,8.0,41
2018-10-04,32,11.0,34,28.0,1.0,9.0,34
2018-10-05,42,21.0,44,28.0,4.0,9.0,44
2018-10-06,54,47.0,54,25.0,0.0,8.0,54
2018-10-07,52,24.0,50,25.0,1.0,8.0,52
2018-10-08,53,23.0,49,31.0,4.0,8.0,53
2018-10-09,52,23.0,51,34.0,1.0,7.0,52
2018-10-10,48,21.0,49,37.0,1.0,8.0,49
2018-10-11,51,29.0,47,45.0,1.0,8.0,51
2018-10-12,52,24.0,50,42.0,1.0,11.0,52
2018-10-13,40,10.0,45,27.0,0.0,10.0,45
2018-10-14,54,20.0,47,22.0,1.0,10.0,54
2018-10-15,45,58.0,51,57.0,1.0,16.0,58
2018-10-16,58,29.0,47,58.0,6.0,17.0,58
2018-10-17,55,38.0,49,60.0,10.0,18.0,60
2018-10-18,62,26.0,48,66.0,3.0,16.0,66
2018-10-19,55,31.0,58,69.0,4.0,17.0,69
2018-10-20,56,23.0,67,57.0,4.0,18.0,67
2018-10-21,61,21.0,90,40.0,1.0,13.0,90
2018-10-22,71,32.0,74,42.0,4.0,8.0,74
2018-10-23,75,48.0,71,42.0,1.0,10.0,75
2018-10-24,68,31.0,61,44.0,3.0,10.0,68
2018-10-25,84,35.0,100,43.0,3.0,10.0,100
2018-10-26,77,46.0,101,79.0,7.0,19.0,101
2018-10-27,80,33.0,126,55.0,11.0,17.0,126
2018-10-28,102,28.0,129,38.0,3.0,13.0,129
2018-10-29,119,57.0,133,52.0,1.0,13.0,133
2018-10-30,72,40.0,51,48.0,1.0,8.0,72
2018-10-31,62,39.0,47,60.0,7.0,13.0,62
2018-11-01,58,38.0,46,52.0,4.0,20.0,58
2018-11-02,63,33.0,49,55.0,10.0,22.0,63
2018-11-03,66,31.0,74,49.0,7.0,22.0,74
2018-11-04,74,43.0,90,46.0,4.0,19.0,90
2018-11-05,71,28.0,64,45.0,1.0,11.0,71
2018-11-06,59,33.0,51,35.0,0.0,7.0,59
2018-11-07,61,31.0,54,34.0,0.0,8.0,61
2018-11-08,71,88.0,67,68.0,1.0,16.0,88
2018-11-09,54,49.0,49,73.0,1.0,18.0,73
2018-11-10,117,52.0,51,48.0,14.0,19.0,117
2018-11-11,122,45.0,87,52.0,4.0,24.0,122
2018-11-12,60,26.0,40,66.0,6.0,17.0,66
2018-11-13,54,30.0,41,73.0,6.0,15.0,73
2018-11-14,53,22.0,37,66.0,3.0,16.0,66
2018-11-15,50,31.0,34,68.0,3.0,14.0,68
2018-11-16,70,41.0,36,62.0,7.0,20.0,70
2018-11-17,78,29.0,48,41.0,3.0,18.0,78
2018-11-18,112,47.0,74,48.0,7.0,17.0,112
2018-11-19,130,54.0,38,78.0,6.0,20.0,130
2018-11-20,102,46.0,50,65.0,4.0,28.0,102
2018-11-21,81,34.0,44,55.0,4.0,16.0,81
2018-11-22,54,13.0,37,23.0,1.0,10.0,54
2018-11-23,59,16.0,38,31.0,0.0,15.0,59
2018-11-24,61,21.0,37,30.0,1.0,11.0,61
2018-11-25,60,23.0,40,35.0,1.0,11.0,60
2018-11-26,46,25.0,42,57.0,1.0,14.0,57
2018-11-27,51,29.0,36,62.0,10.0,17.0,62
2018-11-28,54,25.0,38,40.0,1.0,15.0,54
2018-11-29,28,7.0,39,37.0,0.0,7.0,39
2018-11-30,41,17.0,36,41.0,1.0,11.0,41
2018-12-01,47,19.0,38,37.0,1.0,11.0,47
2018-12-02,34,14.0,39,34.0,0.0,13.0,39
2018-12-03,56,18.0,36,52.0,1.0,14.0,56
2018-12-04,43,21.0,35,54.0,3.0,13.0,54
2018-12-05,33,10.0,32,58.0,1.0,15.0,58
2018-12-06,27,3.0,35,46.0,0.0,6.0,46
2018-12-07,40,10.0,33,42.0,1.0,15.0,42
2018-12-08,57,19.0,33,36.0,11.0,18.0,57
2018-12-09,62,24.0,32,38.0,1.0,24.0,62
2018-12-10,85,45.0,26,57.0,3.0,22.0,85
2018-12-11,81,31.0,33,57.0,3.0,20.0,81
2018-12-12,77,28.0,40,53.0,1.0,14.0,77
2018-12-13,80,30.0,31,71.0,4.0,25.0,80
2018-12-14,71,42.0,29,78.0,3.0,26.0,78
2018-12-15,134,34.0,34,46.0,4.0,23.0,134
2018-12-16,90,31.0,33,41.0,13.0,28.0,90
2018-12-17,60,19.0,33,38.0,1.0,18.0,60
2018-12-18,56,19.0,32,47.0,1.0,11.0,56
2018-12-19,83,36.0,34,68.0,3.0,22.0,83
2018-12-20,85,43.0,31,81.0,6.0,35.0,85
2018-12-21,81,36.0,35,56.0,3.0,18.0,81
2018-12-22,102,47.0,33,51.0,4.0,20.0,102
2018-12-23,127,44.0,38,44.0,3.0,19.0,127
2018-12-24,147,51.0,39,36.0,3.0,19.0,147
2018-12-25,38,12.0,39,29.0,1.0,7.0,39
2018-12-26,61,20.0,36,41.0,1.0,13.0,61
2018-12-27,47,19.0,39,37.0,1.0,10.0,47
2018-12-28,43,35.0,40,57.0,4.0,13.0,57
2018-12-29,75,20.0,42,55.0,3.0,24.0,75
2018-12-30,96,19.0,39,37.0,6.0,33.0,96
2018-12-31,59,32.0,41,42.0,1.0,16.0,59
2019-01-01,67,23.0,39,37.0,3.0,19.0,67
2019-01-02,93,22.0,36,68.0,3.0,23.0,93
2019-01-03,67,44.0,33,64.0,6.0,19.0,67
2019-01-04,85,30.0,30,61.0,4.0,20.0,85
2019-01-05,83,26.0,35,44.0,1.0,23.0,83
2019-01-06,52,11.0,39,33.0,1.0,6.0,52
2019-01-07,51,14.0,38,53.0,1.0,15.0,53
2019-01-08,62,16.0,37,53.0,1.0,18.0,62
2019-01-09,74,35.0,36,48.0,4.0,25.0,74
2019-01-10,67,23.0,35,47.0,1.0,18.0,67
2019-01-11,91,29.0,28,35.0,1.0,11.0,91
2019-01-12,51,8.0,39,36.0,0.0,15.0,51
2019-01-13,67,13.0,39,45.0,3.0,17.0,67
2019-01-14,53,6.0,39,43.0,0.0,16.0,53
2019-01-15,46,8.0,39,42.0,0.0,9.0,46
2019-01-16,25,3.0,35,38.0,1.0,6.0,38
2019-01-17,27,3.0,31,44.0,0.0,9.0,44
2019-01-18,57,25.0,36,43.0,1.0,11.0,57
2019-01-19,53,19.0,37,41.0,0.0,14.0,53
2019-01-20,45,8.0,36,29.0,4.0,16.0,45
2019-01-21,23,34.0,40,39.0,0.0,7.0,40
2019-01-22,51,19.0,43,71.0,1.0,16.0,71
2019-01-23,60,19.0,34,63.0,1.0,19.0,63
2019-01-24,65,27.0,38,76.0,4.0,17.0,76
2019-01-25,55,15.0,44,62.0,1.0,18.0,62
2019-01-26,62,19.0,44,57.0,14.0,24.0,62
2019-01-27,81,40.0,48,50.0,11.0,33.0,81
2019-01-28,106,39.0,44,77.0,7.0,23.0,106
2019-01-29,95,32.0,44,67.0,3.0,18.0,95
2019-01-30,72,31.0,42,40.0,1.0,11.0,72
2019-01-31,66,22.0,31,31.0,1.0,9.0,66
2019-02-01,40,10.0,36,37.0,1.0,14.0,40
2019-02-02,30,12.0,41,26.0,0.0,7.0,41
2019-02-03,33,6.0,41,25.0,0.0,7.0,41
2019-02-04,24,5.0,42,40.0,0.0,7.0,42
2019-02-05,26,5.0,41,46.0,0.0,7.0,46
2019-02-06,28,9.0,39,52.0,0.0,9.0,52
2019-02-07,56,14.0,40,49.0,3.0,9.0,56
2019-02-08,59,22.0,44,56.0,3.0,13.0,59
2019-02-09,57,11.0,42,40.0,1.0,10.0,57
2019-02-10,40,8.0,42,32.0,3.0,13.0,42
2019-02-11,38,13.0,44,57.0,1.0,11.0,57
2019-02-12,54,16.0,34,50.0,3.0,16.0,54
2019-02-13,43,13.0,40,42.0,1.0,17.0,43
2019-02-14,38,12.0,43,44.0,0.0,8.0,44
2019-02-15,39,11.0,43,36.0,3.0,14.0,43
2019-02-16,24,6.0,42,28.0,1.0,7.0,42
2019-02-17,27,10.0,44,24.0,1.0,7.0,44
2019-02-18,24,8.0,42,44.0,1.0,8.0,44
2019-02-19,41,13.0,44,54.0,1.0,9.0,54
2019-02-20,50,34.0,41,40.0,1.0,11.0,50
2019-02-21,53,7.0,40,52.0,0.0,14.0,53
2019-02-22,55,12.0,43,45.0,1.0,14.0,55
2019-02-23,52,13.0,49,37.0,4.0,13.0,52
2019-02-24,63,17.0,50,37.0,1.0,14.0,63
2019-02-25,60,19.0,61,48.0,6.0,15.0,61
2019-02-26,66,37.0,48,43.0,3.0,10.0,66
2019-02-27,58,19.0,44,38.0,1.0,8.0,58
2019-02-28,57,15.0,36,29.0,1.0,8.0,57
2019-03-01,59,17.0,37,30.0,1.0,8.0,59
2019-03-02,40,6.0,36,31.0,1.0,8.0,40
2019-03-03,30,3.0,38,15.0,0.0,7.0,38
2019-03-04,32,16.0,37,42.0,0.0,8.0,42
2019-03-05,59,19.0,39,41.0,1.0,11.0,59
2019-03-06,44,8.0,37,37.0,1.0,8.0,44
2019-03-07,32,7.0,42,43.0,0.0,7.0,43
2019-03-08,28,9.0,46,43.0,0.0,7.0,46
2019-03-09,39,8.0,44,25.0,0.0,8.0,44
2019-03-10,51,11.0,44,33.0,6.0,10.0,51
2019-03-11,52,12.0,43,45.0,1.0,10.0,52
2019-03-12,49,17.0,44,37.0,1.0,7.0,49
2019-03-13,54,26.0,49,43.0,0.0,7.0,54
2019-03-14,47,36.0,50,48.0,4.0,11.0,50
2019-03-15,45,14.0,49,52.0,1.0,13.0,52
2019-03-16,54,31.0,71,52.0,3.0,17.0,71
2019-03-17,51,16.0,77,47.0,4.0,19.0,77
2019-03-18,56,23.0,93,46.0,4.0,11.0,93
2019-03-19,61,25.0,49,42.0,0.0,9.0,61
2019-03-20,35,10.0,49,44.0,0.0,6.0,49
2019-03-21,38,8.0,45,45.0,0.0,8.0,45
2019-03-22,38,19.0,50,43.0,1.0,13.0,50
2019-03-23,43,11.0,45,27.0,0.0,8.0,45
2019-03-24,52,13.0,64,30.0,1.0,8.0,64
2019-03-25,62,25.0,87,47.0,3.0,11.0,87
2019-03-26,61,26.0,67,53.0,4.0,14.0,67
2019-03-27,54,17.0,38,32.0,0.0,7.0,54
2019-03-28,33,33.0,45,33.0,0.0,8.0,45
2019-03-29,51,23.0,49,37.0,1.0,8.0,51
2019-03-30,53,25.0,84,38.0,4.0,9.0,84
2019-03-31,59,19.0,108,44.0,10.0,17.0,108
2019-04-01,54,24.0,97,48.0,4.0,15.0,97
2019-04-02,47,21.0,51,38.0,1.0,7.0,51
2019-04-03,34,15.0,40,32.0,3.0,7.0,40
2019-04-04,34,11.0,40,29.0,1.0,7.0,40
2019-04-05,26,6.0,38,36.0,1.0,7.0,38
2019-04-06,36,8.0,51,21.0,3.0,7.0,51
2019-04-07,52,18.0,101,33.0,6.0,9.0,101
2019-04-08,59,27.0,115,55.0,9.0,15.0,115
2019-04-09,51,101.0,50,30.0,1.0,8.0,101
2019-04-10,36,19.0,54,44.0,3.0,6.0,54
2019-04-11,58,26.0,58,42.0,4.0,8.0,58
2019-04-12,54,26.0,49,34.0,1.0,7.0,54
2019-04-13,53,23.0,71,29.0,7.0,9.0,71
2019-04-14,54,18.0,90,28.0,3.0,10.0,90
2019-04-15,55,33.0,64,37.0,4.0,9.0,64
2019-04-16,43,14.0,46,33.0,1.0,7.0,46
2019-04-17,48,20.0,54,49.0,3.0,8.0,54
2019-04-18,63,30.0,97,61.0,6.0,10.0,97
2019-04-19,69,34.0,100,41.0,4.0,7.0,100
2019-04-20,54,14.0,67,20.0,1.0,6.0,67
2019-04-21,45,16.0,51,19.0,1.0,5.0,51
2019-04-22,56,24.0,51,38.0,3.0,6.0,56
2019-04-23,69,34.0,58,42.0,1.0,8.0,69
2019-04-24,67,35.0,93,39.0,1.0,7.0,93
2019-04-25,71,37.0,97,33.0,3.0,8.0,97
2019-04-26,72,34.0,87,37.0,1.0,8.0,87
2019-04-27,73,32.0,50,18.0,0.0,7.0,73
2019-04-28,66,24.0,51,18.0,3.0,7.0,66
2019-04-29,49,14.0,38,33.0,0.0,7.0,49
2019-04-30,43,12.0,45,50.0,0.0,7.0,50
2019-05-01,54,24.0,51,42.0,1.0,8.0,54
2019-05-02,59,30.0,84,38.0,1.0,7.0,84
2019-05-03,63,41.0,105,33.0,1.0,7.0,105
2019-05-04,68,31.0,100,24.0,0.0,7.0,100
2019-05-05,59,27.0,64,18.0,0.0,7.0,64
2019-05-06,46,13.0,44,41.0,0.0,6.0,46
2019-05-07,35,20.0,39,30.0,0.0,7.0,39
2019-05-08,39,20.0,42,40.0,0.0,7.0,42
2019-05-09,40,20.0,42,32.0,0.0,7.0,42
2019-05-10,34,10.0,40,28.0,0.0,8.0,40
2019-05-11,45,10.0,48,26.0,1.0,8.0,48
2019-05-12,50,16.0,74,20.0,1.0,7.0,74
2019-05-13,57,24.0,77,31.0,0.0,7.0,77
2019-05-14,65,33.0,97,35.0,0.0,7.0,97
2019-05-15,64,28.0,58,33.0,0.0,7.0,64
2019-05-16,37,11.0,48,41.0,0.0,6.0,48
2019-05-17,52,19.0,49,41.0,0.0,7.0,52
2019-05-18,50,19.0,58,23.0,1.0,6.0,58
2019-05-19,29,6.0,47,13.0,0.0,6.0,47
2019-05-20,41,10.0,49,39.0,0.0,7.0,49
2019-05-21,39,48.0,44,37.0,0.0,6.0,48
2019-05-22,38,14.0,44,35.0,3.0,6.0,44
2019-05-23,49,15.0,39,38.0,0.0,8.0,49
2019-05-24,50,17.0,48,41.0,1.0,8.0,50
2019-05-25,46,16.0,58,24.0,0.0,7.0,58
2019-05-26,34,9.0,47,15.0,0.0,6.0,47
2019-05-27,36,12.0,48,24.0,1.0,7.0,48
2019-05-28,46,11.0,44,37.0,1.0,7.0,46
2019-05-29,53,19.0,67,38.0,1.0,7.0,67
2019-05-30,70,21.0,87,30.0,0.0,7.0,87
2019-05-31,68,17.0,90,28.0,0.0,7.0,90
2019-06-01,56,19.0,64,21.0,0.0,7.0,64
2019-06-02,53,16.0,61,17.0,0.0,7.0,61
2019-06-03,56,19.0,67,46.0,0.0,7.0,67
2019-06-04,66,24.0,90,32.0,0.0,7.0,90
2019-06-05,69,26.0,143,28.0,0.0,8.0,143
2019-06-06,65,21.0,129,30.0,1.0,7.0,129
2019-06-07,61,29.0,93,24.0,1.0,7.0,93
2019-06-08,59,33.0,105,20.0,1.0,7.0,105
2019-06-09,61,26.0,151,25.0,1.0,7.0,151
2019-06-10,56,27.0,126,52.0,3.0,9.0,126
2019-06-11,64,28.0,172,43.0,1.0,8.0,172
2019-06-12,67,27.0,200,29.0,1.0,7.0,200
2019-06-13,71,26.0,71,25.0,0.0,7.0,71
2019-06-14,60,35.0,64,28.0,1.0,7.0,64
2019-06-15,62,23.0,100,13.0,0.0,7.0,100
2019-06-16,66,21.0,87,16.0,0.0,7.0,87
2019-06-17,45,26.0,71,22.0,0.0,7.0,71
2019-06-18,56,31.0,74,28.0,1.0,7.0,74
2019-06-19,61,29.0,105,28.0,4.0,7.0,105
2019-06-20,54,34.0,61,29.0,3.0,7.0,61
2019-06-21,28,23.0,43,19.0,0.0,7.0,43
2019-06-22,40,22.0,51,20.0,1.0,7.0,51
2019-06-23,56,20.0,97,16.0,0.0,7.0,97
2019-06-24,62,25.0,90,42.0,0.0,6.0,90
2019-06-25,58,25.0,87,28.0,0.0,7.0,87
2019-06-26,56,26.0,71,28.0,0.0,7.0,71
2019-06-27,58,28.0,105,30.0,1.0,7.0,105
2019-06-28,58,28.0,112,35.0,3.0,7.0,112
2019-06-29,57,24.0,112,28.0,4.0,8.0,112
2019-06-30,57,23.0,122,25.0,4.0,8.0,122
2019-07-01,60,27.0,115,36.0,3.0,7.0,115
2019-07-02,61,44.0,129,31.0,1.0,7.0,129
2019-07-03,64,37.0,108,28.0,0.0,7.0,108
2019-07-04,105,48.0,80,17.0,0.0,7.0,105
2019-07-05,161,72.0,115,23.0,1.0,7.0,161
2019-07-06,71,35.0,133,17.0,1.0,7.0,133
2019-07-07,63,26.0,87,11.0,0.0,6.0,87
2019-07-08,56,33.0,67,26.0,0.0,6.0,67
2019-07-09,65,30.0,93,32.0,1.0,7.0,93
2019-07-10,63,33.0,122,36.0,4.0,8.0,122
2019-07-11,67,40.0,136,35.0,7.0,8.0,136
2019-07-12,71,40.0,201,34.0,4.0,8.0,201
2019-07-13,70,37.0,179,27.0,1.0,7.0,179
2019-07-14,68,35.0,166,18.0,6.0,7.0,166
2019-07-15,71,39.0,177,35.0,7.0,7.0,177
2019-07-16,70,36.0,140,45.0,3.0,9.0,140
2019-07-17,60,31.0,90,21.0,1.0,6.0,90
2019-07-18,57,31.0,61,30.0,3.0,7.0,61
2019-07-19,54,26.0,51,21.0,1.0,7.0,54
2019-07-20,54,23.0,97,16.0,3.0,6.0,97
2019-07-21,54,21.0,101,19.0,6.0,7.0,101
2019-07-22,61,36.0,126,33.0,4.0,7.0,126
2019-07-23,63,39.0,161,42.0,7.0,9.0,161
2019-07-24,59,30.0,126,45.0,10.0,9.0,126
2019-07-25,62,33.0,126,39.0,6.0,8.0,126
2019-07-26,64,56.0,140,37.0,7.0,8.0,140
2019-07-27,62,32.0,179,34.0,6.0,8.0,179
2019-07-28,66,31.0,169,25.0,4.0,8.0,169
2019-07-29,67,33.0,190,31.0,3.0,7.0,190
2019-07-30,71,40.0,174,33.0,1.0,6.0,174
2019-07-31,72,44.0,151,28.0,0.0,7.0,151
2019-08-01,62,46.0,126,34.0,3.0,7.0,126
2019-08-02,57,30.0,166,43.0,3.0,8.0,166
2019-08-03,59,30.0,156,39.0,4.0,8.0,156
2019-08-04,60,26.0,169,26.0,4.0,7.0,169
2019-08-05,59,31.0,154,42.0,4.0,7.0,154
2019-08-06,59,39.0,147,42.0,1.0,7.0,147
2019-08-07,64,39.0,156,28.0,3.0,7.0,156
2019-08-08,63,35.0,122,35.0,4.0,7.0,122
2019-08-09,61,31.0,87,32.0,1.0,8.0,87
2019-08-10,56,26.0,93,33.0,1.0,9.0,93
2019-08-11,49,20.0,74,20.0,1.0,8.0,74
2019-08-12,59,29.0,119,29.0,1.0,7.0,119
2019-08-13,67,44.0,140,44.0,6.0,8.0,140
2019-08-14,65,34.0,174,51.0,7.0,9.0,174
2019-08-15,63,32.0,159,49.0,4.0,8.0,159
2019-08-16,61,31.0,105,28.0,1.0,7.0,105
2019-08-17,56,21.0,90,16.0,1.0,7.0,90
2019-08-18,53,19.0,67,18.0,1.0,7.0,67
2019-08-19,59,30.0,80,29.0,3.0,7.0,80
2019-08-20,54,25.0,133,34.0,3.0,8.0,133
2019-08-21,55,35.0,197,53.0,7.0,8.0,197
2019-08-22,60,37.0,151,48.0,1.0,8.0,151
2019-08-23,61,31.0,119,25.0,10.0,7.0,119
2019-08-24,60,25.0,129,30.0,7.0,7.0,129
2019-08-25,55,22.0,101,28.0,9.0,8.0,101
2019-08-26,52,31.0,156,39.0,4.0,9.0,156
2019-08-27,54,31.0,122,32.0,1.0,7.0,122
2019-08-28,58,32.0,90,23.0,1.0,7.0,90
2019-08-29,60,32.0,105,32.0,6.0,8.0,105
2019-08-30,58,30.0,112,42.0,3.0,9.0,112
2019-08-31,64,32.0,140,28.0,3.0,8.0,140
2019-09-01,68,33.0,190,31.0,1.0,8.0,190
2019-09-02,56,55.0,97,24.0,1.0,7.0,97
2019-09-03,66,36.0,77,39.0,10.0,8.0,77
2019-09-04,57,33.0,108,42.0,4.0,10.0,108
2019-09-05,56,31.0,87,51.0,6.0,10.0,87
2019-09-06,53,44.0,67,41.0,1.0,8.0,67
2019-09-07,54,63.0,105,30.0,3.0,8.0,105
2019-09-08,47,61.0,67,23.0,1.0,8.0,67
2019-09-09,54,32.0,97,30.0,0.0,8.0,97
2019-09-10,53,32.0,50,33.0,0.0,6.0,53
2019-09-11,59,31.0,105,32.0,0.0,7.0,105
2019-09-12,63,46.0,115,44.0,3.0,9.0,115
2019-09-13,62,33.0,147,55.0,1.0,10.0,147
2019-09-14,61,28.0,185,44.0,3.0,11.0,185
2019-09-15,68,25.0,133,40.0,1.0,13.0,133
2019-09-16,61,50.0,58,39.0,1.0,8.0,61
2019-09-17,59,22.0,80,37.0,1.0,8.0,80
2019-09-18,45,31.0,80,36.0,3.0,8.0,80
2019-09-19,46,25.0,45,28.0,1.0,7.0,46
2019-09-20,51,31.0,54,26.0,3.0,8.0,54
2019-09-21,52,29.0,126,31.0,1.0,9.0,126
2019-09-22,54,22.0,100,35.0,3.0,10.0,100
2019-09-23,56,30.0,77,37.0,1.0,8.0,77
2019-09-24,58,44.0,108,48.0,7.0,9.0,108
2019-09-25,56,34.0,129,37.0,1.0,8.0,129
2019-09-26,54,31.0,47,27.0,1.0,7.0,54
2019-09-27,42,27.0,41,36.0,3.0,7.0,42
2019-09-28,32,22.0,33,19.0,1.0,7.0,33
2019-09-29,38,19.0,46,27.0,0.0,8.0,46
2019-09-30,48,28.0,48,39.0,3.0,10.0,48
2019-10-01,48,25.0,51,52.0,1.0,8.0,52
2019-10-02,64,34.0,90,58.0,6.0,13.0,90
2019-10-03,68,34.0,105,48.0,1.0,14.0,105
2019-10-04,60,33.0,100,46.0,1.0,11.0,100
2019-10-05,60,34.0,164,50.0,11.0,14.0,164
2019-10-06,68,36.0,192,38.0,6.0,18.0,192
2019-10-07,88,34.0,143,72.0,6.0,16.0,143
2019-10-08,65,33.0,87,58.0,7.0,13.0,87
2019-10-09,67,64.0,74,28.0,1.0,7.0,74
2019-10-10,68,69.0,67,52.0,1.0,7.0,69
2019-10-11,185,55.0,61,63.0,1.0,19.0,185
2019-10-12,95,43.0,101,47.0,4.0,17.0,101
2019-10-13,68,37.0,115,42.0,3.0,17.0,115
2019-10-14,67,39.0,87,44.0,1.0,9.0,87
2019-10-15,66,45.0,80,71.0,6.0,11.0,80
2019-10-16,72,43.0,87,89.0,6.0,18.0,89
2019-10-17,61,80.0,77,42.0,1.0,9.0,80
2019-10-18,52,35.0,50,42.0,3.0,9.0,52
2019-10-19,57,34.0,67,39.0,3.0,10.0,67
2019-10-20,52,25.0,100,41.0,7.0,11.0,100
2019-10-21,49,32.0,71,64.0,1.0,14.0,71
2019-10-22,54,31.0,87,78.0,4.0,16.0,87
2019-10-23,58,32.0,97,77.0,7.0,19.0,97
2019-10-24,65,55.0,54,96.0,11.0,23.0,96
2019-10-25,60,35.0,64,87.0,3.0,23.0,87
2019-10-26,53,33.0,84,51.0,3.0,19.0,84
2019-10-27,62,64.0,51,29.0,0.0,8.0,64
2019-10-28,65,76.0,51,54.0,3.0,10.0,76
2019-10-29,59,53.0,48,52.0,1.0,15.0,59
2019-10-30,54,87.0,44,51.0,0.0,10.0,87
2019-10-31,64,31.0,44,65.0,1.0,11.0,65
2019-11-01,61,39.0,45,62.0,3.0,15.0,62
2019-11-02,92,44.0,48,53.0,4.0,22.0,92
2019-11-03,86,35.0,97,51.0,3.0,18.0,97
2019-11-04,80,41.0,97,97.0,10.0,27.0,97
2019-11-05,71,54.0,74,69.0,9.0,16.0,74
2019-11-06,81,46.0,48,69.0,3.0,16.0,81
2019-11-07,121,52.0,61,57.0,1.0,13.0,121
2019-11-08,81,51.0,46,82.0,1.0,19.0,82
2019-11-09,66,31.0,44,50.0,4.0,26.0,66
2019-11-10,73,27.0,64,37.0,1.0,14.0,73
2019-11-11,93,50.0,61,45.0,3.0,9.0,93
2019-11-12,102,50.0,49,57.0,4.0,13.0,102
2019-11-13,101,45.0,50,55.0,7.0,14.0,101
2019-11-14,88,45.0,51,48.0,1.0,11.0,88
2019-11-15,76,33.0,44,42.0,1.0,11.0,76
2019-11-16,77,39.0,50,62.0,4.0,18.0,77
2019-11-17,68,31.0,50,58.0,4.0,25.0,68
2019-11-18,48,37.0,54,67.0,3.0,18.0,67
2019-11-19,61,41.0,45,74.0,4.0,17.0,74
2019-11-20,41,12.0,41,39.0,0.0,6.0,41
2019-11-21,47,15.0,39,42.0,0.0,9.0,47
2019-11-22,56,22.0,40,44.0,0.0,11.0,56
2019-11-23,76,20.0,44,44.0,4.0,11.0,76
2019-11-24,109,16.0,45,42.0,1.0,14.0,109
2019-11-25,92,103.0,46,43.0,1.0,17.0,103
2019-11-26,79,106.0,41,53.0,1.0,11.0,106
2019-11-27,65,25.0,39,52.0,0.0,9.0,65
2019-11-28,52,6.0,39,30.0,0.0,7.0,52
2019-11-29,66,11.0,39,34.0,0.0,9.0,66
2019-11-30,76,9.0,33,29.0,0.0,11.0,76
2019-12-01,60,13.0,35,37.0,1.0,14.0,60
2019-12-02,67,22.0,31,53.0,4.0,15.0,67
2019-12-03,88,21.0,29,57.0,3.0,26.0,88
2019-12-04,57,9.0,32,43.0,0.0,16.0,57
2019-12-05,56,19.0,33,42.0,0.0,18.0,56
2019-12-06,64,19.0,23,47.0,1.0,14.0,64
2019-12-07,52,9.0,26,33.0,1.0,13.0,52
2019-12-08,52,10.0,35,25.0,0.0,8.0,52
2019-12-09,125,18.0,39,42.0,4.0,10.0,125
2019-12-10,61,23.0,28,49.0,1.0,16.0,61
2019-12-11,70,41.0,28,50.0,4.0,22.0,70
2019-12-12,81,32.0,31,54.0,3.0,19.0,81
2019-12-13,96,35.0,37,52.0,1.0,17.0,96
2019-12-14,88,30.0,38,30.0,0.0,10.0,88
2019-12-15,42,19.0,40,34.0,0.0,13.0,42
2019-12-16,35,20.0,39,48.0,3.0,10.0,48
2019-12-17,33,25.0,40,54.0,1.0,11.0,54
2019-12-18,60,24.0,37,62.0,3.0,18.0,62
2019-12-19,76,35.0,37,61.0,3.0,20.0,76
2019-12-20,62,31.0,34,52.0,0.0,22.0,62
2019-12-21,73,25.0,31,43.0,1.0,28.0,73
2019-12-22,59,16.0,43,38.0,3.0,36.0,59
2019-12-23,32,8.0,36,36.0,0.0,8.0,36
2019-12-24,59,18.0,36,35.0,0.0,16.0,59
2019-12-25,61,7.0,40,25.0,1.0,13.0,61
2019-12-26,33,6.0,41,43.0,0.0,14.0,43
2019-12-27,69,12.0,34,38.0,1.0,18.0,69
2019-12-28,65,18.0,40,34.0,1.0,13.0,65
2019-12-29,82,23.0,40,33.0,3.0,16.0,82
2019-12-30,59,18.0,39,49.0,3.0,17.0,59
2019-12-31,78,16.0,41,49.0,1.0,22.0,78
2020-01-01,102,21.0,43,30.0,1.0,14.0,102
2020-01-02,72,25.0,39,46.0,3.0,15.0,72
2020-01-03,87,30.0,40,53.0,1.0,22.0,87
2020-01-04,104,40.0,35,46.0,1.0,35.0,104
2020-01-05,103,35.0,40,43.0,0.0,25.0,103
2020-01-06,72,19.0,42,67.0,3.0,20.0,72
2020-01-07,45,25.0,34,49.0,1.0,13.0,49
2020-01-08,59,22.0,37,42.0,0.0,16.0,59
2020-01-09,49,19.0,36,49.0,0.0,13.0,49
2020-01-10,66,26.0,34,46.0,1.0,17.0,66
2020-01-11,80,19.0,38,33.0,1.0,24.0,80
2020-01-12,76,19.0,41,33.0,0.0,15.0,76
2020-01-13,80,23.0,41,54.0,0.0,15.0,80
2020-01-14,85,35.0,44,50.0,6.0,20.0,85
2020-01-15,124,47.0,40,55.0,0.0,22.0,124
2020-01-16,91,36.0,45,40.0,0.0,19.0,91
2020-01-17,40,9.0,38,40.0,0.0,13.0,40
2020-01-18,62,22.0,40,46.0,0.0,15.0,62
2020-01-19,58,23.0,39,42.0,1.0,17.0,58
2020-01-20,69,22.0,34,37.0,0.0,16.0,69
2020-01-21,48,14.0,39,39.0,0.0,8.0,48
2020-01-22,59,24.0,38,51.0,1.0,14.0,59
2020-01-23,59,31.0,36,56.0,0.0,15.0,59
2020-01-24,68,26.0,33,56.0,3.0,24.0,68
2020-01-25,99,34.0,42,46.0,3.0,14.0,99
2020-01-26,130,39.0,44,37.0,1.0,9.0,130
2020-01-27,81,35.0,39,58.0,3.0,13.0,81
2020-01-28,57,50.0,42,58.0,6.0,14.0,58
2020-01-29,45,35.0,44,54.0,1.0,11.0,54
2020-01-30,59,36.0,40,52.0,0.0,17.0,59
2020-01-31,67,29.0,38,62.0,1.0,23.0,67
2020-02-01,59,29.0,47,45.0,1.0,24.0,59
2020-02-02,69,32.0,43,37.0,3.0,27.0,69
2020-02-03,26,54.0,45,43.0,0.0,6.0,54
2020-02-04,31,36.0,44,49.0,3.0,11.0,49
2020-02-05,51,26.0,38,49.0,1.0,16.0,51
2020-02-06,62,30.0,41,47.0,1.0,17.0,62
2020-02-07,76,33.0,43,54.0,1.0,22.0,76
2020-02-08,83,32.0,67,41.0,0.0,16.0,83
2020-02-09,55,44.0,42,29.0,0.0,7.0,55
2020-02-10,42,31.0,41,44.0,0.0,11.0,44
2020-02-11,45,34.0,45,42.0,0.0,11.0,45
2020-02-12,52,34.0,44,40.0,1.0,11.0,52
2020-02-13,62,39.0,45,41.0,0.0,13.0,62
2020-02-14,66,38.0,49,46.0,0.0,16.0,66
2020-02-15,74,34.0,61,39.0,3.0,17.0,74
2020-02-16,74,28.0,77,39.0,4.0,11.0,77
2020-02-17,72,31.0,71,42.0,4.0,14.0,72
2020-02-18,75,33.0,45,42.0,1.0,14.0,75
2020-02-19,83,38.0,49,40.0,1.0,9.0,83
2020-02-20,78,37.0,48,53.0,3.0,13.0,78
2020-02-21,70,35.0,58,47.0,1.0,16.0,70
2020-02-22,34,12.0,41,19.0,0.0,7.0,41
2020-02-23,54,21.0,47,27.0,0.0,9.0,54
2020-02-24,62,30.0,44,36.0,1.0,14.0,62
2020-02-25,61,33.0,46,66.0,1.0,16.0,66
2020-02-26,51,26.0,43,52.0,1.0,17.0,52
2020-02-27,57,49.0,43,53.0,3.0,14.0,57
2020-02-28,46,23.0,45,74.0,3.0,15.0,74
2020-02-29,50,19.0,50,34.0,1.0,9.0,50
2020-03-01,46,16.0,46,13.0,0.0,5.0,46
2020-03-02,35,18.0,44,40.0,0.0,9.0,44
2020-03-03,39,20.0,44,39.0,3.0,10.0,44
2020-03-04,59,32.0,44,34.0,1.0,10.0,59
2020-03-05,72,31.0,58,48.0,0.0,9.0,72
2020-03-06,67,34.0,58,39.0,3.0,9.0,67
2020-03-07,36,15.0,41,20.0,0.0,6.0,41
2020-03-08,27,5.0,42,26.0,1.0,6.0,42
2020-03-09,35,12.0,37,45.0,1.0,8.0,45
2020-03-10,23,7.0,28,22.0,1.0,6.0,28
2020-03-11,26,7.0,41,33.0,1.0,7.0,41
2020-03-12,43,10.0,31,42.0,0.0,10.0,43
2020-03-13,35,5.0,37,41.0,0.0,8.0,41
2020-03-14,34,6.0,41,25.0,0.0,8.0,41
2020-03-15,31,6.0,43,26.0,0.0,6.0,43
2020-03-16,36,16.0,38,39.0,1.0,7.0,39
2020-03-17,38,6.0,42,46.0,0.0,8.0,46
2020-03-18,46,13.0,44,48.0,0.0,8.0,48
2020-03-19,30,6.0,44,39.0,0.0,7.0,44
2020-03-20,25,6.0,43,32.0,0.0,6.0,43
2020-03-21,32,6.0,47,26.0,0.0,6.0,47
2020-03-22,32,6.0,43,21.0,0.0,9.0,43
2020-03-23,22,5.0,45,40.0,0.0,5.0,45
2020-03-24,27,6.0,43,28.0,0.0,7.0,43
2020-03-25,23,9.0,44,43.0,0.0,5.0,44
2020-03-26,25,7.0,45,42.0,0.0,6.0,45
2020-03-27,36,11.0,47,48.0,0.0,7.0,48
2020-03-28,42,13.0,51,25.0,0.0,6.0,51
2020-03-29,47,16.0,51,24.0,0.0,6.0,51
2020-03-30,40,20.0,54,36.0,0.0,6.0,54
2020-03-31,52,21.0,74,46.0,0.0,11.0,74
2020-04-01,56,22.0,67,31.0,0.0,6.0,67
2020-04-02,50,19.0,49,19.0,0.0,5.0,50
2020-04-03,53,24.0,54,26.0,0.0,6.0,54
2020-04-04,52,20.0,50,26.0,0.0,5.0,52
2020-04-05,32,9.0,37,8.0,0.0,3.0,37
2020-04-06,22,2.0,41,36.0,0.0,6.0,41
2020-04-07,25,5.0,40,38.0,0.0,5.0,40
2020-04-08,26,5.0,43,51.0,0.0,6.0,51
2020-04-09,24,3.0,35,16.0,0.0,5.0,35
2020-04-10,26,4.0,42,36.0,0.0,6.0,42
2020-04-11,40,9.0,49,28.0,0.0,6.0,49
2020-04-12,41,6.0,39,9.0,0.0,5.0,41
2020-04-13,31,7.0,38,35.0,0.0,6.0,38
2020-04-14,47,12.0,51,43.0,0.0,7.0,51
2020-04-15,52,19.0,74,50.0,1.0,9.0,74
2020-04-16,53,21.0,71,36.0,0.0,6.0,71
2020-04-17,38,13.0,43,25.0,0.0,5.0,43
2020-04-18,38,11.0,40,18.0,0.0,6.0,40
2020-04-19,40,12.0,44,14.0,0.0,5.0,44
2020-04-20,43,17.0,42,42.0,0.0,6.0,43
2020-04-21,48,21.0,47,28.0,3.0,5.0,48
2020-04-22,53,29.0,100,45.0,1.0,7.0,100
2020-04-23,57,30.0,140,37.0,1.0,7.0,140
2020-04-24,57,29.0,156,61.0,1.0,8.0,156
2020-04-25,57,20.0,182,28.0,1.0,7.0,182
2020-04-26,61,18.0,166,28.0,0.0,7.0,166
2020-04-27,62,24.0,108,30.0,0.0,6.0,108
2020-04-28,65,31.0,185,30.0,0.0,7.0,185
2020-04-29,68,33.0,147,28.0,0.0,6.0,147
2020-04-30,70,35.0,143,40.0,0.0,6.0,143
2020-05-01,63,30.0,97,29.0,0.0,6.0,97
2020-05-02,57,27.0,90,19.0,1.0,6.0,90
2020-05-03,53,23.0,61,16.0,0.0,5.0,61
2020-05-04,58,27.0,115,39.0,1.0,6.0,115
2020-05-05,57,34.0,159,56.0,1.0,8.0,159
2020-05-06,59,35.0,206,47.0,3.0,8.0,206
2020-05-07,60,35.0,203,43.0,3.0,8.0,203
2020-05-08,72,34.0,185,38.0,1.0,7.0,185
2020-05-09,72,34.0,143,23.0,0.0,6.0,143
2020-05-10,66,28.0,97,13.0,0.0,6.0,97
2020-05-11,56,22.0,80,39.0,0.0,6.0,80
2020-05-12,38,18.0,39,25.0,0.0,6.0,39
2020-05-13,34,19.0,49,26.0,1.0,5.0,49
2020-05-14,44,28.0,48,25.0,0.0,5.0,48
2020-05-15,51,23.0,87,21.0,0.0,6.0,87
2020-05-16,59,29.0,140,26.0,0.0,6.0,140
2020-05-17,54,22.0,77,17.0,0.0,6.0,77
2020-05-18,33,7.0,39,26.0,0.0,5.0,39
2020-05-19,31,14.0,45,32.0,0.0,5.0,45
2020-05-20,39,17.0,54,32.0,0.0,5.0,54
2020-05-21,51,22.0,97,39.0,0.0,7.0,97
2020-05-22,67,24.0,64,25.0,0.0,5.0,67
2020-05-23,70,24.0,71,17.0,0.0,6.0,71
2020-05-24,71,28.0,108,19.0,0.0,7.0,108
2020-05-25,74,31.0,140,21.0,0.0,7.0,140
2020-05-26,76,36.0,147,38.0,0.0,7.0,147
2020-05-27,66,35.0,136,28.0,0.0,6.0,136
2020-05-28,63,31.0,161,26.0,0.0,6.0,161
2020-05-29,54,28.0,64,18.0,0.0,6.0,64
2020-05-30,56,13.0,42,15.0,0.0,5.0,56
2020-05-31,49,12.0,54,19.0,1.0,5.0,54
2020-06-01,51,32.0,71,38.0,0.0,7.0,71
2020-06-02,58,31.0,122,28.0,4.0,6.0,122
2020-06-03,60,29.0,129,38.0,0.0,7.0,129
2020-06-04,62,39.0,108,19.0,0.0,6.0,108
2020-06-05,49,31.0,35,17.0,0.0,6.0,49
2020-06-06,38,19.0,38,13.0,0.0,6.0,38
2020-06-07,45,32.0,48,18.0,0.0,6.0,48
2020-06-08,36,36.0,74,43.0,0.0,6.0,74
2020-06-09,40,25.0,80,55.0,0.0,8.0,80
2020-06-10,58,29.0,143,56.0,1.0,13.0,143
2020-06-11,55,35.0,161,41.0,1.0,7.0,161
2020-06-12,55,27.0,77,22.0,0.0,6.0,77
2020-06-13,51,25.0,61,17.0,0.0,6.0,61
2020-06-14,52,20.0,77,21.0,0.0,6.0,77
2020-06-15,54,28.0,112,28.0,0.0,6.0,112
2020-06-16,56,26.0,61,31.0,0.0,6.0,61
2020-06-17,55,26.0,71,14.0,0.0,6.0,71
2020-06-18,54,31.0,64,35.0,0.0,6.0,64
2020-06-19,58,31.0,97,23.0,0.0,6.0,97
2020-06-20,58,29.0,77,21.0,0.0,6.0,77
2020-06-21,59,23.0,105,14.0,0.0,6.0,105
2020-06-22,64,29.0,154,27.0,0.0,6.0,154
2020-06-23,67,33.0,159,31.0,0.0,6.0,159
2020-06-24,61,29.0,156,36.0,0.0,6.0,156
2020-06-25,58,26.0,112,30.0,0.0,6.0,112
2020-06-26,54,29.0,126,37.0,0.0,7.0,126
2020-06-27,55,31.0,119,18.0,0.0,6.0,119
2020-06-28,33,42.0,40,8.0,1.0,5.0,42
2020-06-29,36,15.0,44,30.0,0.0,5.0,44
2020-06-30,51,28.0,80,34.0,0.0,6.0,80
2020-07-01,58,32.0,77,26.0,0.0,6.0,77
2020-07-02,55,39.0,100,21.0,0.0,6.0,100
2020-07-03,53,23.0,129,33.0,0.0,7.0,129
2020-07-04,169,57.0,101,26.0,4.0,7.0,169
2020-07-05,225,49.0,150,25.0,4.0,7.0,225
2020-07-06,69,30.0,140,35.0,1.0,7.0,140
2020-07-07,68,37.0,129,37.0,1.0,6.0,129
2020-07-08,68,46.0,105,31.0,0.0,5.0,105
2020-07-09,66,39.0,156,30.0,0.0,6.0,156
2020-07-10,69,39.0,204,43.0,0.0,7.0,204
2020-07-11,59,26.0,177,33.0,0.0,8.0,177
2020-07-12,60,21.0,172,24.0,0.0,6.0,172
2020-07-13,69,34.0,112,25.0,1.0,6.0,112
2020-07-14,63,37.0,90,26.0,1.0,6.0,90
2020-07-15,57,26.0,101,31.0,0.0,6.0,101
2020-07-16,55,30.0,108,31.0,0.0,6.0,108
2020-07-17,51,25.0,136,40.0,0.0,7.0,136
2020-07-18,42,20.0,122,21.0,0.0,7.0,122
2020-07-19,47,24.0,97,16.0,1.0,6.0,97
2020-07-20,52,56.0,133,29.0,0.0,6.0,133
2020-07-21,59,36.0,143,32.0,0.0,6.0,143
2020-07-22,54,28.0,100,28.0,0.0,6.0,100
2020-07-23,57,23.0,80,23.0,0.0,6.0,80
2020-07-24,57,31.0,115,34.0,0.0,7.0,115
2020-07-25,58,24.0,140,19.0,0.0,7.0,140
2020-07-26,55,23.0,143,20.0,0.0,7.0,143
2020-07-27,57,31.0,97,36.0,0.0,7.0,97
2020-07-28,57,33.0,129,32.0,0.0,7.0,129
2020-07-29,60,35.0,164,41.0,0.0,7.0,164
2020-07-30,61,36.0,161,38.0,0.0,8.0,161
2020-07-31,62,33.0,187,46.0,3.0,11.0,187
2020-08-01,70,40.0,161,42.0,1.0,8.0,161
2020-08-02,70,32.0,140,25.0,1.0,7.0,140
2020-08-03,71,36.0,200,30.0,1.0,7.0,200
2020-08-04,67,38.0,122,31.0,0.0,6.0,122
2020-08-05,61,31.0,97,37.0,0.0,6.0,97
2020-08-06,57,26.0,61,32.0,0.0,7.0,61
2020-08-07,58,31.0,93,26.0,0.0,8.0,93
2020-08-08,62,31.0,112,29.0,1.0,8.0,112
2020-08-09,57,24.0,105,18.0,0.0,7.0,105
2020-08-10,55,27.0,87,34.0,0.0,7.0,87
2020-08-11,50,28.0,112,37.0,0.0,8.0,112
2020-08-12,53,30.0,147,50.0,0.0,9.0,147
2020-08-13,63,53.0,166,54.0,0.0,9.0,166
2020-08-14,111,58.0,204,56.0,1.0,10.0,204
2020-08-15,83,55.0,220,43.0,1.0,10.0,220
2020-08-16,133,67.0,93,28.0,1.0,13.0,133
2020-08-17,93,61.0,164,43.0,1.0,8.0,164
2020-08-18,102,79.0,222,58.0,0.0,9.0,222
2020-08-19,97,67.0,217,44.0,1.0,8.0,217
2020-08-20,153,41.0,218,52.0,0.0,8.0,218
2020-08-21,161,41.0,200,48.0,1.0,13.0,200
2020-08-22,82,32.0,143,30.0,0.0,8.0,143
2020-08-23,75,28.0,71,15.0,0.0,7.0,80
2020-08-24,62,31.0,90,29.0,0.0,8.0,90
2020-08-25,60,44.0,74,36.0,0.0,8.0,74
2020-08-26,56,22.0,97,36.0,0.0,9.0,97
2020-08-27,68,38.0,129,49.0,1.0,9.0,129
2020-08-28,62,34.0,112,38.0,1.0,8.0,112
2020-08-29,54,25.0,115,21.0,0.0,8.0,115
2020-08-30,55,20.0,115,14.0,0.0,8.0,115
2020-08-31,55,32.0,115,36.0,0.0,6.0,115
2020-09-01,57,28.0,100,34.0,0.0,7.0,100
2020-09-02,55,34.0,150,37.0,1.0,8.0,150
2020-09-03,73,56.0,201,43.0,1.0,8.0,201
2020-09-04,80,52.0,220,58.0,3.0,11.0,220
2020-09-05,84,40.0,235,54.0,1.0,14.0,235
2020-09-06,82,42.0,214,43.0,3.0,16.0,214
2020-09-07,161,84.0,90,39.0,3.0,11.0,161
2020-09-08,127,119.0,51,30.0,0.0,8.0,127
2020-09-09,95,76.0,47,45.0,0.0,11.0,95
2020-09-10,158,81.0,35,54.0,1.0,19.0,158
2020-09-11,199,136.0,108,90.0,0.0,22.0,199
2020-09-12,179,99.0,101,65.0,1.0,25.0,179
2020-09-13,165,65.0,159,36.0,0.0,17.0,165
2020-09-14,159,68.0,197,57.0,0.0,23.0,197
2020-09-15,161,67.0,161,77.0,0.0,19.0,161
2020-09-16,159,65.0,154,100.0,0.0,24.0,159
2020-09-17,91,54.0,133,68.0,0.0,16.0,133
2020-09-18,84,71.0,156,55.0,1.0,14.0,156
2020-09-19,100,46.0,147,43.0,1.0,11.0,147
2020-09-20,81,38.0,119,29.0,1.0,10.0,119
2020-09-21,74,48.0,100,38.0,0.0,8.0,100
2020-09-22,70,31.0,122,42.0,0.0,9.0,122
2020-09-23,77,58.0,126,45.0,0.0,11.0,126
2020-09-24,94,64.0,201,52.0,1.0,10.0,201
2020-09-25,73,45.0,136,35.0,0.0,9.0,136
2020-09-26,78,54.0,151,27.0,0.0,7.0,151
2020-09-27,71,49.0,154,18.0,0.0,7.0,154
2020-09-28,83,36.0,179,45.0,0.0,9.0,179
2020-09-29,65,36.0,166,55.0,0.0,11.0,166
2020-09-30,65,55.0,161,96.0,1.0,19.0,161
2020-10-01,86,39.0,172,60.0,0.0,17.0,172
2020-10-02,88,43.0,204,62.0,1.0,14.0,204
2020-10-03,112,40.0,210,50.0,1.0,14.0,210
2020-10-04,127,52.0,177,43.0,0.0,14.0,177
2020-10-05,129,57.0,151,62.0,0.0,15.0,151
2020-10-06,109,68.0,159,58.0,0.0,15.0,159
2020-10-07,94,51.0,133,55.0,0.0,11.0,133
2020-10-08,84,39.0,77,34.0,0.0,8.0,84
2020-10-09,77,37.0,74,42.0,0.0,8.0,77
2020-10-10,68,30.0,80,22.0,0.0,8.0,80
2020-10-11,61,27.0,87,21.0,0.0,8.0,87
2020-10-12,63,40.0,129,68.0,0.0,11.0,129
2020-10-13,69,35.0,100,77.0,0.0,16.0,100
2020-10-14,72,36.0,164,70.0,1.0,24.0,164
2020-10-15,73,38.0,185,99.0,0.0,14.0,185
2020-10-16,70,32.0,169,61.0,1.0,14.0,169
2020-10-17,66,32.0,119,44.0,0.0,14.0,119
2020-10-18,78,38.0,159,31.0,0.0,9.0,159
2020-10-19,77,44.0,126,35.0,0.0,8.0,126
2020-10-20,87,51.0,129,43.0,0.0,8.0,129
2020-10-21,100,55.0,119,43.0,0.0,8.0,119
2020-10-22,71,35.0,48,33.0,0.0,7.0,71
2020-10-23,60,28.0,49,30.0,0.0,8.0,60
2020-10-24,55,24.0,38,32.0,0.0,8.0,55
2020-10-25,37,14.0,39,25.0,0.0,7.0,39
2020-10-26,125,171.0,50,74.0,1.0,14.0,171
2020-10-27,156,83.0,97,87.0,1.0,19.0,156
2020-10-28,124,62.0,97,65.0,0.0,16.0,124
2020-10-29,91,55.0,97,85.0,0.0,18.0,97
2020-10-30,79,62.0,133,66.0,0.0,20.0,133
2020-10-31,75,35.0,112,58.0,0.0,15.0,112
2020-11-01,78,34.0,108,54.0,0.0,15.0,108
2020-11-02,76,40.0,90,50.0,0.0,15.0,90
2020-11-03,101,42.0,90,56.0,0.0,11.0,101
2020-11-04,94,46.0,87,101.0,0.0,20.0,101
2020-11-05,76,57.0,38,74.0,0.0,23.0,76
2020-11-06,56,29.0,43,42.0,0.0,20.0,56
2020-11-07,39,14.0,44,24.0,0.0,8.0,44
2020-11-08,44,21.0,42,24.0,0.0,9.0,44
2020-11-09,52,17.0,40,57.0,0.0,10.0,57
2020-11-10,58,20.0,40,50.0,0.0,15.0,58
2020-11-11,66,29.0,42,55.0,0.0,17.0,66
2020-11-12,81,27.0,50,53.0,0.0,20.0,81
2020-11-13,75,28.0,44,49.0,0.0,15.0,75
2020-11-14,78,28.0,46,42.0,3.0,13.0,78
2020-11-15,83,25.0,48,46.0,4.0,27.0,83
2020-11-16,55,25.0,45,62.0,1.0,19.0,62
2020-11-17,63,42.0,50,70.0,1.0,23.0,70
2020-11-18,64,29.0,36,47.0,0.0,14.0,64
2020-11-19,60,23.0,40,43.0,0.0,11.0,60
2020-11-20,80,38.0,41,66.0,0.0,17.0,80
2020-11-21,88,45.0,42,62.0,0.0,23.0,88
2020-11-22,88,27.0,49,41.0,0.0,28.0,88
2020-11-23,85,43.0,39,53.0,0.0,14.0,85
2020-11-24,74,33.0,43,55.0,0.0,11.0,74
2020-11-25,77,35.0,50,61.0,0.0,18.0,77
2020-11-26,70,60.0,46,31.0,0.0,17.0,71
2020-11-27,77,45.0,38,49.0,0.0,20.0,77
2020-11-28,56,19.0,43,42.0,1.0,22.0,56
2020-11-29,66,32.0,42,42.0,0.0,24.0,66
2020-11-30,71,45.0,38,79.0,0.0,23.0,79
2020-12-01,81,43.0,38,74.0,0.0,26.0,81
2020-12-02,93,59.0,46,72.0,1.0,25.0,93
2020-12-03,109,61.0,58,85.0,0.0,27.0,109
2020-12-04,77,32.0,42,71.0,0.0,27.0,77
2020-12-05,105,42.0,40,68.0,1.0,31.0,105
2020-12-06,109,43.0,44,50.0,0.0,26.0,109
2020-12-07,93,53.0,43,81.0,1.0,27.0,93
2020-12-08,58,27.0,42,85.0,1.0,28.0,85
2020-12-09,64,31.0,40,67.0,0.0,20.0,67
2020-12-10,67,31.0,38,50.0,0.0,13.0,67
2020-12-11,74,36.0,41,50.0,0.0,19.0,74
2020-12-12,77,37.0,39,36.0,0.0,24.0,77
2020-12-13,73,35.0,44,35.0,0.0,19.0,73
2020-12-14,43,26.0,39,46.0,0.0,11.0,46
2020-12-15,64,26.0,40,60.0,0.0,16.0,64
2020-12-16,68,26.0,35,65.0,0.0,19.0,68
2020-12-17,71,39.0,40,53.0,0.0,24.0,71
2020-12-18,69,24.0,41,51.0,0.0,23.0,69
2020-12-19,77,20.0,38,48.0,0.0,32.0,77
2020-12-20,68,28.0,43,42.0,1.0,23.0,68
2020-12-21,61,30.0,39,60.0,1.0,30.0,61
2020-12-22,68,30.0,37,49.0,0.0,18.0,68
2020-12-23,88,52.0,43,71.0,0.0,20.0,88
2020-12-24,67,33.0,39,53.0,0.0,18.0,67
2020-12-25,72,19.0,43,31.0,0.0,15.0,72
2020-12-26,101,22.0,42,36.0,0.0,28.0,101
2020-12-27,64,21.0,36,25.0,0.0,10.0,64
2020-12-28,37,5.0,37,41.0,0.0,6.0,41
2020-12-29,64,17.0,39,51.0,0.0,20.0,64
2020-12-30,74,19.0,42,57.0,0.0,25.0,74
2020-12-31,113,31.0,37,54.0,0.0,28.0,113
