Date,Country,City,Specie,count,min,max,median,variance
2020-05-16T00:00:00Z,US,Miami,dew,20,19.0,23.0,21.0,17.49
2020-06-15T00:00:00Z,US,Miami,dew,19,21.3,24.0,22.0,5.43
2020-06-23T00:00:00Z,US,Miami,dew,13,23.0,25.0,24.0,3.59
2020-05-26T00:00:00Z,US,Miami,dew,20,19.0,25.0,22.0,25.16
2020-05-29T00:00:00Z,US,Miami,dew,14,22.0,24.0,23.0,4.89
2020-07-03T00:00:00Z,US,Miami,dew,18,22.0,26.0,23.0,11.73
2020-06-02T00:00:00Z,US,Miami,dew,15,22.0,24.0,23.0,3.50
2020-04-10T00:00:00Z,US,Miami,dew,12,18.0,23.0,21.0,42.23
2020-04-14T00:00:00Z,US,Miami,dew,11,21.0,24.0,23.0,6.55
2020-04-17T00:00:00Z,US,Miami,dew,11,22.0,24.0,23.0,6.91
2020-04-19T00:00:00Z,US,Miami,dew,19,21.0,24.0,23.0,5.38
2020-04-23T00:00:00Z,US,Miami,dew,16,19.0,24.0,22.0,31.33
2020-05-03T00:00:00Z,US,Miami,dew,13,16.0,18.0,17.0,5.00
2020-05-30T00:00:00Z,US,Miami,dew,20,21.0,23.0,22.0,6.21
2020-07-01T00:00:00Z,US,Miami,dew,15,21.0,24.0,23.0,10.23
2020-04-09T00:00:00Z,US,Miami,dew,18,18.0,23.0,21.0,26.93
2020-04-15T00:00:00Z,US,Miami,dew,10,22.0,24.0,23.0,3.22
2020-05-04T00:00:00Z,US,Miami,dew,14,16.0,19.0,18.0,11.04
2020-05-10T00:00:00Z,US,Miami,dew,19,17.0,22.0,20.6,26.45
2020-05-13T00:00:00Z,US,Miami,dew,18,16.0,19.0,18.0,10.59
2020-05-25T00:00:00Z,US,Miami,dew,14,23.0,24.0,23.5,2.21
2020-06-20T00:00:00Z,US,Miami,dew,22,23.0,25.0,24.0,3.27
2020-04-06T00:00:00Z,US,Miami,dew,13,21.0,22.0,22.0,1.81
2020-06-21T00:00:00Z,US,Miami,dew,16,23.0,25.0,24.0,4.32
2020-05-27T00:00:00Z,US,Miami,dew,16,21.5,26.0,24.0,19.29
2020-04-03T00:00:00Z,US,Miami,dew,21,13.0,17.0,15.0,10.90
2020-04-11T00:00:00Z,US,Miami,dew,13,22.0,24.0,23.0,4.80
2020-04-26T00:00:00Z,US,Miami,dew,18,18.8,24.0,21.0,23.84
2020-04-30T00:00:00Z,US,Miami,dew,21,16.5,23.0,21.0,23.54
2020-05-08T00:00:00Z,US,Miami,dew,17,14.0,18.0,17.0,18.46
2020-05-12T00:00:00Z,US,Miami,dew,19,15.0,19.0,17.0,13.86
2020-05-17T00:00:00Z,US,Miami,dew,18,21.0,24.0,23.0,6.26
2020-05-31T00:00:00Z,US,Miami,dew,12,22.0,23.0,23.0,2.65
2020-06-03T00:00:00Z,US,Miami,dew,22,22.3,24.0,23.3,3.06
2020-06-13T00:00:00Z,US,Miami,dew,15,21.0,23.0,22.0,3.17
2020-06-16T00:00:00Z,US,Miami,dew,18,18.0,22.0,19.0,18.59
2020-06-30T00:00:00Z,US,Miami,dew,19,20.0,24.0,23.0,16.49
2020-07-04T00:00:00Z,US,Miami,dew,12,22.0,24.0,23.0,4.31
2020-04-02T00:00:00Z,US,Miami,dew,19,13.0,17.0,15.0,12.87
2020-04-08T00:00:00Z,US,Miami,dew,16,19.0,23.0,21.0,8.29
2020-04-22T00:00:00Z,US,Miami,dew,24,6.0,20.0,17.0,118.53
2020-05-01T00:00:00Z,US,Miami,dew,23,10.0,17.0,13.0,34.82
2020-05-22T00:00:00Z,US,Miami,dew,18,20.0,24.0,23.0,9.00
2020-06-12T00:00:00Z,US,Miami,dew,20,20.0,24.0,21.0,12.00
2020-06-29T00:00:00Z,US,Miami,dew,11,22.0,25.0,23.0,6.73
2020-03-31T00:00:00Z,US,Miami,dew,18,18.0,23.0,19.0,31.63
2020-05-02T00:00:00Z,US,Miami,dew,20,14.0,17.0,16.0,5.37
2020-07-02T00:00:00Z,US,Miami,dew,20,21.0,24.0,22.0,12.08
2020-06-05T00:00:00Z,US,Miami,dew,14,25.0,26.0,26.0,2.38
2020-03-30T00:00:00Z,US,Miami,dew,16,19.0,22.0,21.0,8.00
2020-04-12T00:00:00Z,US,Miami,dew,4,23.0,24.0,24.0,2.50
2020-04-25T00:00:00Z,US,Miami,dew,17,21.0,24.0,23.0,6.91
2020-05-05T00:00:00Z,US,Miami,dew,15,18.0,22.0,20.0,11.71
2020-05-06T00:00:00Z,US,Miami,dew,21,13.0,22.0,19.0,46.57
2020-05-14T00:00:00Z,US,Miami,dew,15,19.0,22.0,21.0,11.02
2020-05-19T00:00:00Z,US,Miami,dew,17,21.8,25.5,24.0,7.38
2020-06-09T00:00:00Z,US,Miami,dew,17,23.0,25.0,24.0,3.75
2020-06-24T00:00:00Z,US,Miami,dew,20,22.0,26.0,24.0,8.53
2020-06-19T00:00:00Z,US,Miami,dew,20,22.0,26.0,24.0,11.13
2020-04-16T00:00:00Z,US,Miami,dew,16,21.0,24.0,22.0,5.32
2020-05-07T00:00:00Z,US,Miami,dew,22,7.0,20.0,15.0,202.50
2020-05-11T00:00:00Z,US,Miami,dew,12,18.0,21.0,19.0,10.23
2020-05-21T00:00:00Z,US,Miami,dew,22,22.0,24.0,23.0,4.93
2020-05-24T00:00:00Z,US,Miami,dew,11,22.3,24.0,23.0,2.01
2020-05-28T00:00:00Z,US,Miami,dew,17,22.6,26.0,24.0,9.78
2020-06-01T00:00:00Z,US,Miami,dew,21,21.0,24.0,23.0,7.14
2020-07-05T00:00:00Z,US,Miami,dew,20,21.0,26.0,23.0,12.04
2020-04-07T00:00:00Z,US,Miami,dew,10,21.0,22.0,21.6,2.47
2020-04-13T00:00:00Z,US,Miami,dew,15,23.0,24.0,23.0,2.31
2020-04-20T00:00:00Z,US,Miami,dew,18,16.0,24.0,21.0,78.59
2020-05-09T00:00:00Z,US,Miami,dew,19,16.0,19.0,18.0,9.53
2020-05-23T00:00:00Z,US,Miami,dew,14,22.0,24.0,23.0,2.38
2020-06-11T00:00:00Z,US,Miami,dew,24,18.0,25.0,22.0,38.98
2020-04-18T00:00:00Z,US,Miami,dew,17,21.0,24.0,23.0,7.65
2020-05-18T00:00:00Z,US,Miami,dew,22,21.0,24.0,22.0,13.41
2020-06-07T00:00:00Z,US,Miami,dew,8,24.0,26.0,25.0,8.57
2020-06-26T00:00:00Z,US,Miami,dew,11,22.0,24.0,24.0,8.18
2020-04-05T00:00:00Z,US,Miami,dew,21,18.0,20.0,19.0,4.90
2020-04-21T00:00:00Z,US,Miami,dew,19,9.0,24.0,21.0,249.88
2020-04-28T00:00:00Z,US,Miami,dew,20,14.0,16.0,15.0,5.76
2020-04-29T00:00:00Z,US,Miami,dew,21,17.0,22.0,20.0,20.62
2020-06-14T00:00:00Z,US,Miami,dew,19,21.5,24.5,23.0,5.56
2020-06-18T00:00:00Z,US,Miami,dew,23,21.3,24.3,23.0,6.00
2020-06-25T00:00:00Z,US,Miami,dew,21,22.0,25.0,24.0,6.90
2020-06-27T00:00:00Z,US,Miami,dew,6,23.0,24.0,23.0,3.00
2020-04-24T00:00:00Z,US,Miami,dew,22,18.0,25.0,21.0,52.61
2020-04-27T00:00:00Z,US,Miami,dew,19,10.0,20.0,15.0,92.35
2020-05-15T00:00:00Z,US,Miami,dew,21,21.8,23.0,22.5,2.24
2020-06-04T00:00:00Z,US,Miami,dew,18,21.5,24.0,23.0,6.39
2020-06-17T00:00:00Z,US,Miami,dew,16,21.0,24.0,22.3,6.33
2020-06-22T00:00:00Z,US,Miami,dew,13,23.0,25.0,24.0,3.97
2020-04-01T00:00:00Z,US,Miami,dew,22,11.0,22.0,17.0,149.32
2020-04-04T00:00:00Z,US,Miami,dew,16,16.0,18.0,17.0,2.96
2020-05-20T00:00:00Z,US,Miami,dew,23,19.0,25.0,23.0,15.79
2020-06-06T00:00:00Z,US,Miami,dew,20,24.0,26.0,25.0,5.23
2020-06-08T00:00:00Z,US,Miami,dew,18,22.5,26.0,25.0,8.57
2020-06-10T00:00:00Z,US,Miami,dew,16,21.3,24.5,23.0,8.26
2020-06-28T00:00:00Z,US,Miami,dew,16,23.0,24.0,24.0,2.62
2020-04-02T00:00:00Z,US,Miami,co,72,1.1,1.7,1.4,0.22
2020-04-09T00:00:00Z,US,Miami,co,60,1.1,1.6,1.4,0.20
2020-04-12T00:00:00Z,US,Miami,co,69,1.2,1.8,1.6,0.30
2020-04-15T00:00:00Z,US,Miami,co,72,1.1,1.9,1.6,0.64
2020-05-11T00:00:00Z,US,Miami,co,66,1.1,1.7,1.4,0.24
2020-05-28T00:00:00Z,US,Miami,co,66,0.8,3.7,1.1,5.84
2020-03-31T00:00:00Z,US,Miami,co,66,1.0,1.6,1.2,0.22
2020-05-16T00:00:00Z,US,Miami,co,72,1.0,1.4,1.1,0.18
2020-05-17T00:00:00Z,US,Miami,co,72,1.1,1.7,1.3,0.21
2020-05-23T00:00:00Z,US,Miami,co,69,0.8,1.2,1.1,0.08
2020-06-03T00:00:00Z,US,Miami,co,72,1.0,1.9,1.4,0.79
2020-06-06T00:00:00Z,US,Miami,co,72,0.9,1.5,1.1,0.30
2020-06-17T00:00:00Z,US,Miami,co,72,1.0,2.7,1.3,1.30
2020-04-11T00:00:00Z,US,Miami,co,66,1.2,1.5,1.5,0.11
2020-04-18T00:00:00Z,US,Miami,co,72,1.1,2.4,1.4,0.96
2020-04-23T00:00:00Z,US,Miami,co,72,1.3,1.9,1.6,0.19
2020-04-27T00:00:00Z,US,Miami,co,63,1.2,2.5,1.6,1.00
2020-05-05T00:00:00Z,US,Miami,co,72,1.2,2.3,1.6,0.88
2020-05-15T00:00:00Z,US,Miami,co,72,1.1,1.7,1.3,0.36
2020-05-18T00:00:00Z,US,Miami,co,72,1.1,2.1,1.5,0.94
2020-05-21T00:00:00Z,US,Miami,co,66,1.2,2.8,1.6,1.78
2020-04-14T00:00:00Z,US,Miami,co,72,1.2,2.0,1.4,0.37
2020-06-24T00:00:00Z,US,Miami,co,72,1.0,3.2,1.2,2.20
2020-04-28T00:00:00Z,US,Miami,co,72,1.1,2.6,1.3,0.86
2020-07-02T00:00:00Z,US,Miami,co,72,1.0,2.3,1.4,1.71
2020-07-05T00:00:00Z,US,Miami,co,72,0.9,3.5,1.4,8.83
2020-04-16T00:00:00Z,US,Miami,co,63,1.3,1.9,1.6,0.32
2020-05-12T00:00:00Z,US,Miami,co,72,1.0,2.1,1.4,0.46
2020-05-24T00:00:00Z,US,Miami,co,60,1.0,1.4,1.0,0.20
2020-05-25T00:00:00Z,US,Miami,co,72,0.9,2.3,1.4,1.08
2020-06-02T00:00:00Z,US,Miami,co,72,0.9,1.5,1.2,0.29
2020-06-08T00:00:00Z,US,Miami,co,54,1.1,2.5,1.4,1.12
2020-07-03T00:00:00Z,US,Miami,co,72,0.8,1.9,1.2,0.82
2020-04-04T00:00:00Z,US,Miami,co,72,1.3,2.2,1.7,0.77
2020-05-20T00:00:00Z,US,Miami,co,72,1.2,2.2,1.6,0.79
2020-05-30T00:00:00Z,US,Miami,co,69,0.9,1.3,1.1,0.08
2020-06-09T00:00:00Z,US,Miami,co,72,1.0,2.2,1.1,0.65
2020-06-23T00:00:00Z,US,Miami,co,72,1.0,1.8,1.3,0.36
2020-07-01T00:00:00Z,US,Miami,co,48,0.9,2.4,1.8,2.45
2020-07-04T00:00:00Z,US,Miami,co,72,0.8,1.9,1.1,0.82
2020-04-13T00:00:00Z,US,Miami,co,72,1.2,2.0,1.7,0.45
2020-05-09T00:00:00Z,US,Miami,co,72,1.2,2.4,1.8,0.96
2020-05-19T00:00:00Z,US,Miami,co,72,1.4,2.9,1.5,1.71
2020-05-31T00:00:00Z,US,Miami,co,72,0.8,2.0,1.2,0.83
2020-06-13T00:00:00Z,US,Miami,co,69,1.0,3.0,1.2,2.99
2020-06-26T00:00:00Z,US,Miami,co,69,0.8,1.2,1.0,0.11
2020-06-30T00:00:00Z,US,Miami,co,72,0.7,2.2,1.2,0.93
2020-04-10T00:00:00Z,US,Miami,co,72,1.2,2.2,1.6,0.62
2020-05-08T00:00:00Z,US,Miami,co,72,1.1,2.7,1.4,1.15
2020-06-12T00:00:00Z,US,Miami,co,69,0.9,1.5,1.1,0.30
2020-06-21T00:00:00Z,US,Miami,co,72,1.0,2.4,1.3,1.88
2020-06-25T00:00:00Z,US,Miami,co,72,0.9,1.9,1.0,0.37
2020-05-03T00:00:00Z,US,Miami,co,72,1.1,1.9,1.4,0.47
2020-04-07T00:00:00Z,US,Miami,co,66,1.1,2.1,1.3,0.39
2020-04-17T00:00:00Z,US,Miami,co,72,1.1,1.7,1.4,0.20
2020-05-01T00:00:00Z,US,Miami,co,69,1.1,2.4,1.4,1.05
2020-05-06T00:00:00Z,US,Miami,co,72,1.0,1.8,1.3,0.40
2020-06-14T00:00:00Z,US,Miami,co,72,0.9,1.6,1.1,0.49
2020-06-28T00:00:00Z,US,Miami,co,66,0.8,1.1,1.0,0.08
2020-04-01T00:00:00Z,US,Miami,co,66,1.1,1.7,1.3,0.23
2020-04-29T00:00:00Z,US,Miami,co,72,1.1,1.9,1.5,0.34
2020-05-10T00:00:00Z,US,Miami,co,72,1.3,2.0,1.5,0.49
2020-05-26T00:00:00Z,US,Miami,co,72,1.0,2.7,1.7,1.19
2020-06-04T00:00:00Z,US,Miami,co,72,1.0,3.3,1.5,4.27
2020-06-16T00:00:00Z,US,Miami,co,72,1.0,1.9,1.2,0.47
2020-06-19T00:00:00Z,US,Miami,co,72,0.9,2.9,1.2,2.59
2020-06-22T00:00:00Z,US,Miami,co,66,1.0,3.0,1.3,3.13
2020-04-25T00:00:00Z,US,Miami,co,72,1.2,2.1,1.7,0.45
2020-06-27T00:00:00Z,US,Miami,co,72,0.8,1.2,1.0,0.08
2020-04-21T00:00:00Z,US,Miami,co,72,0.8,2.3,1.7,2.14
2020-04-30T00:00:00Z,US,Miami,co,69,1.2,2.0,1.5,0.54
2020-05-02T00:00:00Z,US,Miami,co,72,1.3,2.6,1.6,1.20
2020-05-22T00:00:00Z,US,Miami,co,69,1.0,1.9,1.2,0.63
2020-06-18T00:00:00Z,US,Miami,co,66,1.0,4.7,1.2,7.25
2020-03-30T00:00:00Z,US,Miami,co,69,1.0,2.4,1.2,1.14
2020-04-24T00:00:00Z,US,Miami,co,72,1.2,2.3,1.4,1.00
2020-05-04T00:00:00Z,US,Miami,co,72,1.2,2.4,1.6,0.68
2020-05-07T00:00:00Z,US,Miami,co,66,1.1,1.7,1.3,0.37
2020-06-05T00:00:00Z,US,Miami,co,72,1.0,3.0,1.2,2.33
2020-04-08T00:00:00Z,US,Miami,co,72,1.1,2.4,1.4,0.72
2020-06-07T00:00:00Z,US,Miami,co,72,1.0,1.4,1.1,0.20
2020-04-20T00:00:00Z,US,Miami,co,72,0.9,2.1,1.1,0.73
2020-05-13T00:00:00Z,US,Miami,co,60,1.1,1.4,1.3,0.10
2020-05-27T00:00:00Z,US,Miami,co,72,1.4,2.9,1.9,1.43
2020-05-29T00:00:00Z,US,Miami,co,72,0.8,1.7,1.0,0.32
2020-06-15T00:00:00Z,US,Miami,co,72,1.0,2.4,1.2,1.41
2020-06-20T00:00:00Z,US,Miami,co,72,1.0,2.8,1.3,1.73
2020-04-26T00:00:00Z,US,Miami,co,72,1.6,2.9,1.8,0.95
2020-04-06T00:00:00Z,US,Miami,co,69,1.2,1.9,1.6,0.43
2020-04-19T00:00:00Z,US,Miami,co,72,1.1,2.4,1.5,1.25
2020-06-11T00:00:00Z,US,Miami,co,72,1.0,1.7,1.2,0.29
2020-06-29T00:00:00Z,US,Miami,co,72,0.8,2.2,1.1,0.70
2020-04-05T00:00:00Z,US,Miami,co,72,1.3,1.9,1.7,0.27
2020-04-22T00:00:00Z,US,Miami,co,66,1.0,1.8,1.5,0.39
2020-05-14T00:00:00Z,US,Miami,co,69,0.9,1.5,1.3,0.21
2020-06-01T00:00:00Z,US,Miami,co,69,1.0,2.5,1.1,1.20
2020-06-10T00:00:00Z,US,Miami,co,72,1.0,2.3,1.3,0.70
2020-04-03T00:00:00Z,US,Miami,co,72,1.1,3.0,1.6,1.86
2020-06-14T00:00:00Z,US,Miami,humidity,96,59.0,98.0,79.2,940.45
2020-06-19T00:00:00Z,US,Miami,humidity,95,61.7,98.0,87.0,926.64
2020-03-30T00:00:00Z,US,Miami,humidity,69,55.0,97.3,83.0,1140.73
2020-04-23T00:00:00Z,US,Miami,humidity,96,51.0,85.7,68.0,851.84
2020-04-26T00:00:00Z,US,Miami,humidity,96,62.0,96.5,87.5,552.85
2020-04-29T00:00:00Z,US,Miami,humidity,96,54.0,90.0,68.0,608.37
2020-05-02T00:00:00Z,US,Miami,humidity,96,44.0,93.6,61.7,1820.58
2020-06-27T00:00:00Z,US,Miami,humidity,96,52.0,94.5,74.0,891.33
2020-04-14T00:00:00Z,US,Miami,humidity,95,49.2,97.0,79.0,1537.59
2020-05-09T00:00:00Z,US,Miami,humidity,96,43.7,94.0,64.6,1889.94
2020-05-14T00:00:00Z,US,Miami,humidity,96,67.0,94.5,75.0,366.55
2020-05-23T00:00:00Z,US,Miami,humidity,96,62.0,94.0,78.0,488.90
2020-06-25T00:00:00Z,US,Miami,humidity,96,52.0,97.0,74.2,1148.36
2020-05-15T00:00:00Z,US,Miami,humidity,96,74.0,100.0,92.7,432.53
2020-05-26T00:00:00Z,US,Miami,humidity,96,66.0,100.0,89.2,825.94
2020-06-26T00:00:00Z,US,Miami,humidity,96,49.0,93.7,74.0,1013.10
2020-04-03T00:00:00Z,US,Miami,humidity,96,42.0,93.0,64.0,1707.41
2020-04-11T00:00:00Z,US,Miami,humidity,96,65.0,94.0,78.5,546.42
2020-04-15T00:00:00Z,US,Miami,humidity,96,54.5,96.0,77.0,1383.78
2020-05-06T00:00:00Z,US,Miami,humidity,96,33.0,91.7,70.7,2597.94
2020-05-10T00:00:00Z,US,Miami,humidity,96,57.0,96.5,83.0,802.42
2020-05-12T00:00:00Z,US,Miami,humidity,96,42.0,96.5,61.5,1467.82
2020-05-18T00:00:00Z,US,Miami,humidity,91,65.2,100.0,93.0,885.61
2020-05-28T00:00:00Z,US,Miami,humidity,92,64.2,98.7,80.0,846.95
2020-06-13T00:00:00Z,US,Miami,humidity,96,55.0,97.0,73.7,896.52
2020-06-23T00:00:00Z,US,Miami,humidity,96,52.0,97.6,74.0,1320.27
2020-06-30T00:00:00Z,US,Miami,humidity,96,39.0,98.5,71.2,2068.07
2020-07-05T00:00:00Z,US,Miami,humidity,96,51.0,97.0,82.2,1604.40
2020-04-13T00:00:00Z,US,Miami,humidity,96,62.0,93.0,79.7,685.19
2020-04-20T00:00:00Z,US,Miami,humidity,96,34.0,92.0,74.0,2770.96
2020-05-11T00:00:00Z,US,Miami,humidity,96,54.0,97.0,74.5,1604.75
2020-05-30T00:00:00Z,US,Miami,humidity,96,55.0,93.7,75.2,836.76
2020-06-12T00:00:00Z,US,Miami,humidity,96,52.0,96.5,71.2,998.18
2020-04-25T00:00:00Z,US,Miami,humidity,96,52.0,94.2,78.2,764.16
2020-05-21T00:00:00Z,US,Miami,humidity,96,55.0,98.0,83.0,847.65
2020-06-03T00:00:00Z,US,Miami,humidity,96,63.0,98.0,88.0,482.80
2020-06-09T00:00:00Z,US,Miami,humidity,96,57.7,97.0,78.7,1159.37
2020-07-02T00:00:00Z,US,Miami,humidity,96,45.7,95.2,70.7,1832.56
2020-07-04T00:00:00Z,US,Miami,humidity,96,49.0,92.2,74.7,1486.58
2020-04-10T00:00:00Z,US,Miami,humidity,96,38.0,97.0,80.7,2719.25
2020-05-16T00:00:00Z,US,Miami,humidity,96,48.0,100.0,86.2,2139.38
2020-05-27T00:00:00Z,US,Miami,humidity,96,63.5,100.0,86.2,721.66
2020-06-02T00:00:00Z,US,Miami,humidity,96,62.0,97.0,82.7,662.41
2020-07-01T00:00:00Z,US,Miami,humidity,96,46.0,95.2,74.3,1830.49
2020-06-10T00:00:00Z,US,Miami,humidity,96,55.0,96.0,77.2,1171.48
2020-06-15T00:00:00Z,US,Miami,humidity,96,56.7,99.0,88.0,1347.55
2020-06-20T00:00:00Z,US,Miami,humidity,96,59.0,99.0,82.7,1030.43
2020-04-16T00:00:00Z,US,Miami,humidity,96,52.0,95.7,82.3,1121.06
2020-04-21T00:00:00Z,US,Miami,humidity,96,29.5,95.0,67.5,3809.89
2020-05-24T00:00:00Z,US,Miami,humidity,96,78.2,100.0,92.5,202.25
2020-06-05T00:00:00Z,US,Miami,humidity,96,74.5,98.7,88.0,300.23
2020-06-08T00:00:00Z,US,Miami,humidity,96,65.2,95.2,85.2,635.32
2020-04-22T00:00:00Z,US,Miami,humidity,96,20.0,89.0,67.0,2061.59
2020-05-13T00:00:00Z,US,Miami,humidity,96,54.0,76.0,65.0,244.90
2020-06-17T00:00:00Z,US,Miami,humidity,96,63.0,94.0,78.0,833.33
2020-04-02T00:00:00Z,US,Miami,humidity,96,42.0,91.0,62.6,1846.43
2020-04-28T00:00:00Z,US,Miami,humidity,96,42.0,89.2,61.2,1041.18
2020-05-20T00:00:00Z,US,Miami,humidity,96,43.0,97.7,82.7,1338.92
2020-06-18T00:00:00Z,US,Miami,humidity,96,59.0,97.0,88.0,768.42
2020-06-28T00:00:00Z,US,Miami,humidity,96,52.0,94.6,74.0,1031.11
2020-06-24T00:00:00Z,US,Miami,humidity,96,52.0,97.7,76.5,1400.50
2020-06-29T00:00:00Z,US,Miami,humidity,96,55.0,95.7,75.5,1218.05
2020-04-08T00:00:00Z,US,Miami,humidity,96,46.0,96.0,76.7,1452.59
2020-04-19T00:00:00Z,US,Miami,humidity,96,52.0,98.0,78.6,1631.54
2020-05-03T00:00:00Z,US,Miami,humidity,96,48.0,95.5,64.0,1254.17
2020-06-04T00:00:00Z,US,Miami,humidity,96,74.0,98.0,91.2,400.18
2020-06-21T00:00:00Z,US,Miami,humidity,96,59.0,98.3,78.2,896.52
2020-05-19T00:00:00Z,US,Miami,humidity,96,66.0,99.0,85.2,725.05
2020-05-25T00:00:00Z,US,Miami,humidity,96,84.0,100.0,94.0,140.68
2020-04-01T00:00:00Z,US,Miami,humidity,96,29.0,96.0,73.0,3310.88
2020-04-04T00:00:00Z,US,Miami,humidity,96,46.5,93.0,68.0,1078.18
2020-04-07T00:00:00Z,US,Miami,humidity,96,58.0,95.7,78.0,783.94
2020-04-18T00:00:00Z,US,Miami,humidity,95,49.0,98.0,83.3,1530.02
2020-05-08T00:00:00Z,US,Miami,humidity,96,44.0,91.5,60.2,1377.26
2020-03-31T00:00:00Z,US,Miami,humidity,96,40.0,95.5,77.0,2982.09
2020-04-27T00:00:00Z,US,Miami,humidity,96,28.0,92.7,60.5,2747.37
2020-05-04T00:00:00Z,US,Miami,humidity,96,45.0,96.0,68.5,1792.54
2020-07-03T00:00:00Z,US,Miami,humidity,96,47.5,91.2,74.0,1343.05
2020-04-06T00:00:00Z,US,Miami,humidity,96,62.0,98.0,83.0,737.66
2020-05-17T00:00:00Z,US,Miami,humidity,96,54.2,97.5,85.5,1225.07
2020-05-22T00:00:00Z,US,Miami,humidity,96,58.0,97.0,78.0,781.22
2020-06-01T00:00:00Z,US,Miami,humidity,96,55.0,97.0,74.0,1056.53
2020-06-22T00:00:00Z,US,Miami,humidity,96,55.0,99.0,79.0,1094.64
2020-05-29T00:00:00Z,US,Miami,humidity,95,62.0,91.5,78.0,464.35
2020-06-06T00:00:00Z,US,Miami,humidity,96,66.0,96.2,83.5,342.13
2020-06-07T00:00:00Z,US,Miami,humidity,96,62.0,93.5,86.2,669.15
2020-04-09T00:00:00Z,US,Miami,humidity,96,38.0,95.0,75.7,2764.18
2020-04-12T00:00:00Z,US,Miami,humidity,96,66.0,94.0,83.0,332.87
2020-04-17T00:00:00Z,US,Miami,humidity,95,62.0,95.5,82.0,437.64
2020-04-24T00:00:00Z,US,Miami,humidity,96,44.0,88.0,71.7,1465.52
2020-04-30T00:00:00Z,US,Miami,humidity,96,58.0,97.0,83.0,741.83
2020-06-11T00:00:00Z,US,Miami,humidity,96,54.0,94.5,73.0,1246.89
2020-06-16T00:00:00Z,US,Miami,humidity,96,45.0,94.0,70.0,1893.97
2020-04-05T00:00:00Z,US,Miami,humidity,96,54.0,95.0,73.0,1257.55
2020-05-01T00:00:00Z,US,Miami,humidity,96,32.0,88.7,63.0,2116.93
2020-05-05T00:00:00Z,US,Miami,humidity,95,43.0,96.7,73.2,1843.79
2020-05-07T00:00:00Z,US,Miami,humidity,96,25.0,93.6,62.0,3935.50
2020-05-31T00:00:00Z,US,Miami,humidity,96,55.0,97.0,75.7,1053.56
2020-03-30T00:00:00Z,US,Miami,wind-speed,38,0.2,5.6,2.5,27.39
2020-03-31T00:00:00Z,US,Miami,wind-speed,70,0.2,7.2,3.7,35.78
2020-03-30T00:00:00Z,US,Miami,wind-gust,29,0.2,9.0,3.2,65.79
2020-03-31T00:00:00Z,US,Miami,wind-gust,71,0.2,15.0,8.7,182.93
2020-05-27T00:00:00Z,US,Miami,o3,70,1.7,17.1,9.4,171.58
2020-07-04T00:00:00Z,US,Miami,o3,69,2.1,16.7,8.2,155.04
2020-04-12T00:00:00Z,US,Miami,o3,67,9.8,17.9,12.6,42.79
2020-04-14T00:00:00Z,US,Miami,o3,70,0.5,15.1,6.1,166.28
2020-05-04T00:00:00Z,US,Miami,o3,69,3.7,33.8,19.9,533.35
2020-05-20T00:00:00Z,US,Miami,o3,51,3.7,16.3,7.8,161.19
2020-05-25T00:00:00Z,US,Miami,o3,70,5.7,16.3,10.2,69.83
2020-06-30T00:00:00Z,US,Miami,o3,65,0.5,25.6,8.6,329.67
2020-07-05T00:00:00Z,US,Miami,o3,60,0.5,14.3,6.1,133.93
2020-04-03T00:00:00Z,US,Miami,o3,69,1.3,29.7,21.2,736.49
2020-04-20T00:00:00Z,US,Miami,o3,68,3.7,14.7,9.4,82.76
2020-05-15T00:00:00Z,US,Miami,o3,54,7.4,17.1,13.0,63.18
2020-04-15T00:00:00Z,US,Miami,o3,69,0.5,16.3,9.0,192.27
2020-04-16T00:00:00Z,US,Miami,o3,68,0.5,18.3,11.0,277.84
2020-05-05T00:00:00Z,US,Miami,o3,66,0.9,30.9,13.5,558.41
2020-05-09T00:00:00Z,US,Miami,o3,70,7.0,29.7,19.5,296.98
2020-05-10T00:00:00Z,US,Miami,o3,69,13.0,22.0,18.7,67.39
2020-04-04T00:00:00Z,US,Miami,o3,69,5.7,28.5,20.8,412.24
2020-04-10T00:00:00Z,US,Miami,o3,65,5.7,17.5,11.8,143.67
2020-04-13T00:00:00Z,US,Miami,o3,70,3.7,17.5,9.8,58.12
2020-05-14T00:00:00Z,US,Miami,o3,70,12.6,21.2,17.5,50.87
2020-06-16T00:00:00Z,US,Miami,o3,68,4.5,24.8,15.1,214.38
2020-06-25T00:00:00Z,US,Miami,o3,69,0.5,10.6,7.0,77.82
2020-05-19T00:00:00Z,US,Miami,o3,70,4.5,14.3,10.2,54.55
2020-06-05T00:00:00Z,US,Miami,o3,67,0.5,10.6,6.1,61.50
2020-06-29T00:00:00Z,US,Miami,o3,69,0.5,15.9,6.5,148.18
2020-06-13T00:00:00Z,US,Miami,o3,69,7.0,16.7,13.0,52.88
2020-06-20T00:00:00Z,US,Miami,o3,69,0.5,13.0,9.0,123.09
2020-04-26T00:00:00Z,US,Miami,o3,69,2.5,21.2,11.0,268.14
2020-05-11T00:00:00Z,US,Miami,o3,70,3.7,22.8,18.3,225.36
2020-05-12T00:00:00Z,US,Miami,o3,67,4.1,24.0,19.9,186.11
2020-05-31T00:00:00Z,US,Miami,o3,70,0.9,18.7,11.0,188.44
2020-06-04T00:00:00Z,US,Miami,o3,70,0.5,11.4,7.4,103.77
2020-06-11T00:00:00Z,US,Miami,o3,68,2.1,17.1,13.0,150.63
2020-06-17T00:00:00Z,US,Miami,o3,70,3.3,20.4,14.7,176.52
2020-06-26T00:00:00Z,US,Miami,o3,70,2.5,11.0,5.7,33.50
2020-04-02T00:00:00Z,US,Miami,o3,69,7.8,30.1,20.4,349.77
2020-04-27T00:00:00Z,US,Miami,o3,69,5.3,25.6,18.3,229.78
2020-04-28T00:00:00Z,US,Miami,o3,69,7.0,23.2,19.1,158.94
2020-05-23T00:00:00Z,US,Miami,o3,70,7.0,13.0,9.8,18.51
2020-04-22T00:00:00Z,US,Miami,o3,69,7.4,30.5,20.8,391.83
2020-04-25T00:00:00Z,US,Miami,o3,70,3.3,22.4,14.3,219.06
2020-05-07T00:00:00Z,US,Miami,o3,70,7.4,24.0,18.3,296.46
2020-05-30T00:00:00Z,US,Miami,o3,70,4.5,15.5,11.4,50.67
2020-06-21T00:00:00Z,US,Miami,o3,64,0.5,14.7,7.0,121.81
2020-07-01T00:00:00Z,US,Miami,o3,65,0.5,19.1,9.8,221.51
2020-04-01T00:00:00Z,US,Miami,o3,68,7.0,25.2,15.5,297.35
2020-05-01T00:00:00Z,US,Miami,o3,70,10.2,25.6,18.3,181.94
2020-05-28T00:00:00Z,US,Miami,o3,68,0.5,9.8,5.7,53.94
2020-06-06T00:00:00Z,US,Miami,o3,66,4.1,10.6,7.8,13.18
2020-06-18T00:00:00Z,US,Miami,o3,70,0.5,16.3,7.0,115.18
2020-06-27T00:00:00Z,US,Miami,o3,70,0.9,10.2,4.9,36.66
2020-03-30T00:00:00Z,US,Miami,o3,67,0.5,21.2,9.0,243.11
2020-05-24T00:00:00Z,US,Miami,o3,69,7.4,11.4,9.4,9.10
2020-06-03T00:00:00Z,US,Miami,o3,70,2.1,13.9,10.2,94.05
2020-05-08T00:00:00Z,US,Miami,o3,67,4.5,26.0,20.8,316.49
2020-05-18T00:00:00Z,US,Miami,o3,67,0.5,17.5,9.4,249.28
2020-05-29T00:00:00Z,US,Miami,o3,69,1.7,12.6,8.6,108.36
2020-04-07T00:00:00Z,US,Miami,o3,70,2.9,19.1,15.5,134.93
2020-04-18T00:00:00Z,US,Miami,o3,70,2.5,15.5,9.4,138.95
2020-04-29T00:00:00Z,US,Miami,o3,70,9.8,21.2,17.5,72.41
2020-06-08T00:00:00Z,US,Miami,o3,70,2.9,19.9,8.2,151.76
2020-06-09T00:00:00Z,US,Miami,o3,68,0.5,14.3,7.0,129.34
2020-06-14T00:00:00Z,US,Miami,o3,70,4.5,16.7,11.8,75.65
2020-06-22T00:00:00Z,US,Miami,o3,60,0.5,13.5,6.5,122.30
2020-06-24T00:00:00Z,US,Miami,o3,64,0.5,26.4,7.4,333.59
2020-04-06T00:00:00Z,US,Miami,o3,67,4.9,21.2,16.3,181.35
2020-05-06T00:00:00Z,US,Miami,o3,70,4.1,22.4,11.8,129.92
2020-05-16T00:00:00Z,US,Miami,o3,52,5.7,15.1,10.6,63.54
2020-06-28T00:00:00Z,US,Miami,o3,70,1.3,11.0,6.1,54.16
2020-07-02T00:00:00Z,US,Miami,o3,62,0.5,18.3,6.1,246.64
2020-06-01T00:00:00Z,US,Miami,o3,70,0.9,20.4,11.4,203.93
2020-06-15T00:00:00Z,US,Miami,o3,65,0.9,19.9,10.2,231.92
2020-06-19T00:00:00Z,US,Miami,o3,70,0.9,13.5,7.4,84.70
2020-04-21T00:00:00Z,US,Miami,o3,70,3.7,24.8,16.7,509.91
2020-05-21T00:00:00Z,US,Miami,o3,51,1.7,16.3,9.0,104.42
2020-05-26T00:00:00Z,US,Miami,o3,70,3.3,15.9,12.2,101.93
2020-06-23T00:00:00Z,US,Miami,o3,63,0.5,19.9,5.7,215.89
2020-04-05T00:00:00Z,US,Miami,o3,70,5.3,25.6,17.5,263.02
2020-05-03T00:00:00Z,US,Miami,o3,67,4.1,26.9,22.0,392.17
2020-06-07T00:00:00Z,US,Miami,o3,68,7.8,13.0,9.4,19.04
2020-04-08T00:00:00Z,US,Miami,o3,70,0.5,24.0,11.8,194.06
2020-06-02T00:00:00Z,US,Miami,o3,67,2.5,15.5,12.2,101.43
2020-07-03T00:00:00Z,US,Miami,o3,69,0.9,22.4,6.1,196.44
2020-04-30T00:00:00Z,US,Miami,o3,69,3.7,15.9,12.2,101.67
2020-05-02T00:00:00Z,US,Miami,o3,70,5.7,28.5,22.0,498.93
2020-05-13T00:00:00Z,US,Miami,o3,65,18.3,22.4,19.9,13.36
2020-05-17T00:00:00Z,US,Miami,o3,69,2.9,23.2,9.4,195.59
2020-06-10T00:00:00Z,US,Miami,o3,68,0.9,14.3,8.6,156.72
2020-04-09T00:00:00Z,US,Miami,o3,68,7.0,22.0,10.2,76.07
2020-04-11T00:00:00Z,US,Miami,o3,68,12.6,21.6,18.3,46.29
2020-04-23T00:00:00Z,US,Miami,o3,69,11.8,24.4,20.4,121.72
2020-04-24T00:00:00Z,US,Miami,o3,70,6.1,23.6,12.6,198.10
2020-05-22T00:00:00Z,US,Miami,o3,63,1.7,17.5,12.2,146.34
2020-06-12T00:00:00Z,US,Miami,o3,67,4.5,18.3,13.9,89.15
2020-03-31T00:00:00Z,US,Miami,o3,70,0.5,13.0,9.0,152.48
2020-04-17T00:00:00Z,US,Miami,o3,69,6.5,18.3,14.7,72.90
2020-04-19T00:00:00Z,US,Miami,o3,70,0.5,15.5,8.6,219.58
2020-04-22T00:00:00Z,US,Miami,so2,9,0.6,0.6,0.6,0.00
2020-06-06T00:00:00Z,US,Miami,so2,9,0.6,0.6,0.6,0.00
2020-06-30T00:00:00Z,US,Miami,so2,24,0.6,0.6,0.6,0.00
2020-04-30T00:00:00Z,US,Miami,so2,9,0.6,0.6,0.6,0.00
2020-05-14T00:00:00Z,US,Miami,so2,9,0.6,0.6,0.6,0.00
2020-07-03T00:00:00Z,US,Miami,so2,2,0.6,0.6,0.6,0.00
2020-03-30T00:00:00Z,US,Miami,so2,9,0.6,0.6,0.6,0.00
2020-04-06T00:00:00Z,US,Miami,so2,9,0.6,0.6,0.6,0.00
2020-04-08T00:00:00Z,US,Miami,so2,9,0.6,0.6,0.6,0.00
2020-05-11T00:00:00Z,US,Miami,so2,9,0.6,0.6,0.6,0.00
2020-05-20T00:00:00Z,US,Miami,so2,36,0.6,0.7,0.6,0.01
2020-05-27T00:00:00Z,US,Miami,so2,9,0.6,0.6,0.6,0.00
2020-06-04T00:00:00Z,US,Miami,so2,9,0.6,0.6,0.6,0.00
2020-06-10T00:00:00Z,US,Miami,so2,9,0.6,0.6,0.6,0.00
2020-04-04T00:00:00Z,US,Miami,so2,9,0.6,0.6,0.6,0.00
2020-04-17T00:00:00Z,US,Miami,so2,9,0.6,0.6,0.6,0.00
2020-05-01T00:00:00Z,US,Miami,so2,17,0.6,0.6,0.6,0.00
2020-06-12T00:00:00Z,US,Miami,so2,9,0.6,0.6,0.6,0.00
2020-06-25T00:00:00Z,US,Miami,so2,9,0.6,0.6,0.6,0.00
2020-05-09T00:00:00Z,US,Miami,so2,9,0.6,0.6,0.6,0.00
2020-05-16T00:00:00Z,US,Miami,so2,9,0.6,0.6,0.6,0.00
2020-05-21T00:00:00Z,US,Miami,so2,10,0.4,0.6,0.6,0.04
2020-06-03T00:00:00Z,US,Miami,so2,9,0.6,0.6,0.6,0.00
2020-04-02T00:00:00Z,US,Miami,so2,9,0.6,0.6,0.6,0.00
2020-04-13T00:00:00Z,US,Miami,so2,6,0.6,0.6,0.6,0.00
2020-04-23T00:00:00Z,US,Miami,so2,9,0.6,0.6,0.6,0.00
2020-06-13T00:00:00Z,US,Miami,so2,9,0.6,0.6,0.6,0.00
2020-04-01T00:00:00Z,US,Miami,so2,9,0.6,0.6,0.6,0.00
2020-05-12T00:00:00Z,US,Miami,so2,9,0.6,0.6,0.6,0.00
2020-05-25T00:00:00Z,US,Miami,so2,9,0.6,0.6,0.6,0.00
2020-04-29T00:00:00Z,US,Miami,so2,9,0.6,0.6,0.6,0.00
2020-06-11T00:00:00Z,US,Miami,so2,9,0.6,0.6,0.6,0.00
2020-06-18T00:00:00Z,US,Miami,so2,9,0.6,0.6,0.6,0.00
2020-06-23T00:00:00Z,US,Miami,so2,9,0.6,0.6,0.6,0.00
2020-04-11T00:00:00Z,US,Miami,so2,9,0.6,0.6,0.6,0.00
2020-04-20T00:00:00Z,US,Miami,so2,51,0.6,1.1,0.6,0.14
2020-04-27T00:00:00Z,US,Miami,so2,9,0.6,0.6,0.6,0.00
2020-05-22T00:00:00Z,US,Miami,so2,9,0.6,0.6,0.6,0.00
2020-05-26T00:00:00Z,US,Miami,so2,6,0.6,0.6,0.6,0.00
2020-05-29T00:00:00Z,US,Miami,so2,9,0.6,0.6,0.6,0.00
2020-06-05T00:00:00Z,US,Miami,so2,9,0.6,0.6,0.6,0.00
2020-07-02T00:00:00Z,US,Miami,so2,19,0.6,0.6,0.6,0.00
2020-04-07T00:00:00Z,US,Miami,so2,9,0.6,0.6,0.6,0.00
2020-04-24T00:00:00Z,US,Miami,so2,9,0.6,0.6,0.6,0.00
2020-05-13T00:00:00Z,US,Miami,so2,9,0.6,0.6,0.6,0.00
2020-06-15T00:00:00Z,US,Miami,so2,9,0.6,0.6,0.6,0.00
2020-06-29T00:00:00Z,US,Miami,so2,9,0.6,0.6,0.6,0.00
2020-07-01T00:00:00Z,US,Miami,so2,27,0.6,0.6,0.6,0.00
2020-04-18T00:00:00Z,US,Miami,so2,9,0.6,0.6,0.6,0.00
2020-04-25T00:00:00Z,US,Miami,so2,21,0.6,0.6,0.6,0.00
2020-06-09T00:00:00Z,US,Miami,so2,9,0.6,0.6,0.6,0.00
2020-06-24T00:00:00Z,US,Miami,so2,9,0.6,0.6,0.6,0.00
2020-06-19T00:00:00Z,US,Miami,so2,9,0.6,0.6,0.6,0.00
2020-04-15T00:00:00Z,US,Miami,so2,21,0.6,0.7,0.6,0.02
2020-04-21T00:00:00Z,US,Miami,so2,9,0.6,0.6,0.6,0.00
2020-05-30T00:00:00Z,US,Miami,so2,9,0.6,0.6,0.6,0.00
2020-05-04T00:00:00Z,US,Miami,so2,9,0.6,0.6,0.6,0.00
2020-05-28T00:00:00Z,US,Miami,so2,9,0.6,0.6,0.6,0.00
2020-05-23T00:00:00Z,US,Miami,so2,9,0.6,0.6,0.6,0.00
2020-06-02T00:00:00Z,US,Miami,so2,9,0.6,0.6,0.6,0.00
2020-06-08T00:00:00Z,US,Miami,so2,9,0.6,0.6,0.6,0.00
2020-06-26T00:00:00Z,US,Miami,so2,9,0.6,0.6,0.6,0.00
2020-06-27T00:00:00Z,US,Miami,so2,9,0.6,0.6,0.6,0.00
2020-04-14T00:00:00Z,US,Miami,so2,6,0.6,0.6,0.6,0.00
2020-04-16T00:00:00Z,US,Miami,so2,9,0.6,0.6,0.6,0.00
2020-05-08T00:00:00Z,US,Miami,so2,9,0.6,0.6,0.6,0.00
2020-06-20T00:00:00Z,US,Miami,so2,9,0.6,0.6,0.6,0.00
2020-04-03T00:00:00Z,US,Miami,so2,9,0.6,0.6,0.6,0.00
2020-05-07T00:00:00Z,US,Miami,so2,41,0.4,0.6,0.5,0.09
2020-05-18T00:00:00Z,US,Miami,so2,9,0.6,0.6,0.6,0.00
2020-03-31T00:00:00Z,US,Miami,so2,9,0.6,0.6,0.6,0.00
2020-05-06T00:00:00Z,US,Miami,so2,9,0.6,0.6,0.6,0.00
2020-06-01T00:00:00Z,US,Miami,so2,9,0.6,0.6,0.6,0.00
2020-05-05T00:00:00Z,US,Miami,so2,11,0.4,0.6,0.6,0.07
2020-05-15T00:00:00Z,US,Miami,so2,9,0.6,0.6,0.6,0.00
2020-05-19T00:00:00Z,US,Miami,so2,9,0.6,0.6,0.6,0.00
2020-06-07T00:00:00Z,US,Miami,so2,12,0.6,0.6,0.6,0.00
2020-06-16T00:00:00Z,US,Miami,so2,9,0.6,0.6,0.6,0.00
2020-04-09T00:00:00Z,US,Miami,so2,9,0.6,0.6,0.6,0.00
2020-04-28T00:00:00Z,US,Miami,so2,9,0.6,0.6,0.6,0.00
2020-05-02T00:00:00Z,US,Miami,so2,9,0.6,0.6,0.6,0.00
2020-06-17T00:00:00Z,US,Miami,so2,9,0.6,0.6,0.6,0.00
2020-05-23T00:00:00Z,US,Miami,pm25,72,9.0,42.0,26.0,253.61
2020-06-02T00:00:00Z,US,Miami,pm25,61,9.0,34.0,27.0,419.63
2020-06-05T00:00:00Z,US,Miami,pm25,69,5.0,46.0,35.0,964.04
2020-06-27T00:00:00Z,US,Miami,pm25,69,5.0,104.0,34.0,2679.26
2020-04-06T00:00:00Z,US,Miami,pm25,72,5.0,35.0,21.0,383.73
2020-05-06T00:00:00Z,US,Miami,pm25,71,9.0,67.0,22.0,629.11
2020-05-18T00:00:00Z,US,Miami,pm25,68,5.0,66.0,42.0,2829.42
2020-05-19T00:00:00Z,US,Miami,pm25,72,9.0,65.0,35.0,2163.26
2020-05-20T00:00:00Z,US,Miami,pm25,71,17.0,59.0,50.0,669.08
2020-05-25T00:00:00Z,US,Miami,pm25,65,5.0,42.0,26.0,888.26
2020-06-15T00:00:00Z,US,Miami,pm25,66,5.0,28.0,17.0,244.38
2020-04-20T00:00:00Z,US,Miami,pm25,70,9.0,82.0,30.0,2279.76
2020-04-25T00:00:00Z,US,Miami,pm25,71,13.0,57.0,38.0,935.90
2020-05-12T00:00:00Z,US,Miami,pm25,65,5.0,34.0,28.0,357.32
2020-06-14T00:00:00Z,US,Miami,pm25,68,5.0,25.0,17.0,198.06
2020-06-19T00:00:00Z,US,Miami,pm25,67,5.0,31.0,21.0,591.20
2020-06-21T00:00:00Z,US,Miami,pm25,72,5.0,30.0,21.0,209.29
2020-06-23T00:00:00Z,US,Miami,pm25,70,9.0,63.0,38.0,1883.66
2020-06-28T00:00:00Z,US,Miami,pm25,72,17.0,57.0,43.0,1023.64
2020-05-01T00:00:00Z,US,Miami,pm25,63,5.0,53.0,22.0,781.33
2020-05-28T00:00:00Z,US,Miami,pm25,72,13.0,57.0,31.0,606.82
2020-06-09T00:00:00Z,US,Miami,pm25,65,5.0,38.0,28.0,586.09
2020-06-29T00:00:00Z,US,Miami,pm25,72,21.0,68.0,51.0,794.45
2020-07-03T00:00:00Z,US,Miami,pm25,70,13.0,70.0,38.0,1584.82
2020-06-20T00:00:00Z,US,Miami,pm25,71,5.0,38.0,25.0,520.68
2020-04-02T00:00:00Z,US,Miami,pm25,71,5.0,34.0,21.0,321.97
2020-04-24T00:00:00Z,US,Miami,pm25,72,17.0,57.0,42.0,908.70
2020-05-15T00:00:00Z,US,Miami,pm25,72,5.0,45.0,21.0,1025.92
2020-05-27T00:00:00Z,US,Miami,pm25,72,9.0,59.0,42.0,1545.56
2020-06-17T00:00:00Z,US,Miami,pm25,72,5.0,38.0,22.0,221.06
2020-06-18T00:00:00Z,US,Miami,pm25,70,5.0,37.0,16.0,330.23
2020-04-09T00:00:00Z,US,Miami,pm25,70,5.0,60.0,31.0,2127.51
2020-04-13T00:00:00Z,US,Miami,pm25,72,42.0,93.0,60.0,839.29
2020-04-14T00:00:00Z,US,Miami,pm25,70,17.0,59.0,52.0,861.13
2020-04-11T00:00:00Z,US,Miami,pm25,72,17.0,54.0,44.0,734.63
2020-06-30T00:00:00Z,US,Miami,pm25,71,25.0,76.0,54.0,1288.66
2020-07-04T00:00:00Z,US,Miami,pm25,70,17.0,180.0,52.0,8733.38
2020-05-24T00:00:00Z,US,Miami,pm25,69,5.0,30.0,19.0,440.26
2020-06-16T00:00:00Z,US,Miami,pm25,66,5.0,38.0,23.0,383.54
2020-06-25T00:00:00Z,US,Miami,pm25,71,25.0,66.0,53.0,1091.98
2020-04-05T00:00:00Z,US,Miami,pm25,72,9.0,39.0,23.0,393.85
2020-04-21T00:00:00Z,US,Miami,pm25,72,9.0,66.0,39.0,2304.49
2020-05-16T00:00:00Z,US,Miami,pm25,68,5.0,25.0,13.0,210.23
2020-04-04T00:00:00Z,US,Miami,pm25,70,5.0,46.0,25.0,516.28
2020-04-12T00:00:00Z,US,Miami,pm25,72,30.0,68.0,57.0,766.45
2020-05-14T00:00:00Z,US,Miami,pm25,72,9.0,50.0,36.0,530.35
2020-03-30T00:00:00Z,US,Miami,pm25,68,5.0,40.0,23.0,524.45
2020-03-31T00:00:00Z,US,Miami,pm25,64,5.0,50.0,24.0,857.21
2020-04-01T00:00:00Z,US,Miami,pm25,72,9.0,59.0,35.0,1526.52
2020-05-10T00:00:00Z,US,Miami,pm25,72,13.0,66.0,36.0,1459.01
2020-06-06T00:00:00Z,US,Miami,pm25,72,5.0,47.0,42.0,879.05
2020-06-08T00:00:00Z,US,Miami,pm25,72,13.0,55.0,40.0,709.58
2020-06-10T00:00:00Z,US,Miami,pm25,70,9.0,62.0,38.0,2087.68
2020-04-08T00:00:00Z,US,Miami,pm25,71,9.0,40.0,25.0,500.17
2020-04-19T00:00:00Z,US,Miami,pm25,70,13.0,50.0,33.0,799.23
2020-04-26T00:00:00Z,US,Miami,pm25,70,9.0,98.0,35.0,1535.91
2020-05-17T00:00:00Z,US,Miami,pm25,72,5.0,57.0,24.0,1580.12
2020-06-11T00:00:00Z,US,Miami,pm25,69,5.0,48.0,23.0,408.95
2020-06-24T00:00:00Z,US,Miami,pm25,72,21.0,67.0,47.0,618.50
2020-04-07T00:00:00Z,US,Miami,pm25,69,5.0,34.0,23.0,326.27
2020-04-29T00:00:00Z,US,Miami,pm25,53,5.0,36.0,32.0,925.20
2020-04-30T00:00:00Z,US,Miami,pm25,56,5.0,35.0,25.0,524.40
2020-05-08T00:00:00Z,US,Miami,pm25,72,17.0,46.0,25.0,251.22
2020-05-13T00:00:00Z,US,Miami,pm25,71,17.0,50.0,33.0,263.97
2020-05-22T00:00:00Z,US,Miami,pm25,71,9.0,55.0,30.0,799.07
2020-05-29T00:00:00Z,US,Miami,pm25,70,5.0,38.0,20.0,600.62
2020-06-22T00:00:00Z,US,Miami,pm25,72,5.0,42.0,25.0,268.70
2020-04-23T00:00:00Z,US,Miami,pm25,72,17.0,43.0,29.0,398.50
2020-04-27T00:00:00Z,US,Miami,pm25,62,5.0,47.0,30.0,1111.76
2020-05-04T00:00:00Z,US,Miami,pm25,68,9.0,32.0,21.0,311.76
2020-05-09T00:00:00Z,US,Miami,pm25,72,13.0,72.0,37.0,1300.09
2020-06-26T00:00:00Z,US,Miami,pm25,72,13.0,46.0,25.0,580.97
2020-06-01T00:00:00Z,US,Miami,pm25,47,5.0,38.0,23.0,486.39
2020-06-03T00:00:00Z,US,Miami,pm25,71,9.0,43.0,24.0,551.83
2020-06-04T00:00:00Z,US,Miami,pm25,71,5.0,46.0,25.0,747.77
2020-06-13T00:00:00Z,US,Miami,pm25,72,5.0,156.0,26.0,8611.95
2020-07-01T00:00:00Z,US,Miami,pm25,68,13.0,74.0,50.0,2382.99
2020-05-03T00:00:00Z,US,Miami,pm25,70,5.0,42.0,20.0,350.40
2020-05-21T00:00:00Z,US,Miami,pm25,72,30.0,70.0,47.0,988.98
2020-05-26T00:00:00Z,US,Miami,pm25,69,6.0,67.0,37.0,2665.17
2020-05-07T00:00:00Z,US,Miami,pm25,71,13.0,50.0,29.0,674.91
2020-05-30T00:00:00Z,US,Miami,pm25,72,13.0,55.0,33.0,525.34
2020-04-10T00:00:00Z,US,Miami,pm25,71,17.0,94.0,56.0,2247.12
2020-04-16T00:00:00Z,US,Miami,pm25,69,5.0,72.0,59.0,3744.40
2020-05-05T00:00:00Z,US,Miami,pm25,70,5.0,50.0,21.0,618.92
2020-04-22T00:00:00Z,US,Miami,pm25,71,5.0,39.0,27.0,418.45
2020-05-02T00:00:00Z,US,Miami,pm25,71,5.0,46.0,25.0,805.28
2020-05-11T00:00:00Z,US,Miami,pm25,69,5.0,42.0,20.0,663.27
2020-06-07T00:00:00Z,US,Miami,pm25,72,17.0,74.0,47.0,750.47
2020-04-15T00:00:00Z,US,Miami,pm25,64,9.0,85.0,50.0,3258.69
2020-04-17T00:00:00Z,US,Miami,pm25,57,17.0,52.0,40.0,1016.59
2020-04-18T00:00:00Z,US,Miami,pm25,48,5.0,53.0,32.0,1117.29
2020-06-12T00:00:00Z,US,Miami,pm25,70,5.0,68.0,25.0,2198.01
2020-07-02T00:00:00Z,US,Miami,pm25,72,17.0,72.0,41.0,1484.69
2020-07-05T00:00:00Z,US,Miami,pm25,71,13.0,219.0,38.0,40863.30
2020-04-03T00:00:00Z,US,Miami,pm25,70,9.0,49.0,21.0,402.15
2020-04-28T00:00:00Z,US,Miami,pm25,53,5.0,37.0,20.0,421.24
2020-05-31T00:00:00Z,US,Miami,pm25,50,5.0,46.0,28.0,709.18
2020-04-19T00:00:00Z,US,Miami,temperature,96,21.1,33.0,27.0,115.49
2020-04-23T00:00:00Z,US,Miami,temperature,96,22.6,31.0,27.2,41.95
2020-04-24T00:00:00Z,US,Miami,temperature,96,23.4,35.0,27.2,99.42
2020-05-10T00:00:00Z,US,Miami,temperature,96,19.4,26.0,22.5,28.90
2020-05-16T00:00:00Z,US,Miami,temperature,96,21.6,32.0,24.0,119.62
2020-07-04T00:00:00Z,US,Miami,temperature,96,24.7,35.6,29.0,83.43
2020-03-31T00:00:00Z,US,Miami,temperature,96,21.6,33.0,25.9,125.47
2020-06-28T00:00:00Z,US,Miami,temperature,96,25.1,34.2,29.0,63.10
2020-04-30T00:00:00Z,US,Miami,temperature,96,19.3,31.0,23.6,67.56
2020-04-18T00:00:00Z,US,Miami,temperature,95,22.0,33.0,26.0,86.84
2020-04-28T00:00:00Z,US,Miami,temperature,96,16.9,28.0,24.1,73.73
2020-05-12T00:00:00Z,US,Miami,temperature,96,18.7,29.0,25.0,56.82
2020-06-08T00:00:00Z,US,Miami,temperature,96,26.1,34.1,28.0,34.80
2020-06-12T00:00:00Z,US,Miami,temperature,96,22.7,31.1,27.5,45.57
2020-06-14T00:00:00Z,US,Miami,temperature,96,23.3,33.0,26.6,52.80
2020-06-21T00:00:00Z,US,Miami,temperature,96,24.4,32.0,28.3,50.56
2020-04-13T00:00:00Z,US,Miami,temperature,96,25.0,33.1,27.2,48.31
2020-06-23T00:00:00Z,US,Miami,temperature,96,25.0,34.4,29.0,74.47
2020-05-04T00:00:00Z,US,Miami,temperature,96,17.7,31.6,25.0,128.80
2020-05-13T00:00:00Z,US,Miami,temperature,96,22.7,28.0,25.0,24.31
2020-05-14T00:00:00Z,US,Miami,temperature,96,22.7,26.5,24.1,10.21
2020-05-19T00:00:00Z,US,Miami,temperature,96,21.6,31.3,25.8,81.76
2020-05-20T00:00:00Z,US,Miami,temperature,96,21.9,33.0,26.3,85.93
2020-05-24T00:00:00Z,US,Miami,temperature,96,22.3,26.1,24.0,8.33
2020-06-25T00:00:00Z,US,Miami,temperature,96,25.5,34.0,30.0,55.44
2020-04-26T00:00:00Z,US,Miami,temperature,96,19.1,31.0,23.8,72.39
2020-06-27T00:00:00Z,US,Miami,temperature,96,25.6,34.0,29.1,49.36
2020-04-08T00:00:00Z,US,Miami,temperature,96,21.9,32.4,26.5,97.21
2020-04-29T00:00:00Z,US,Miami,temperature,96,19.8,30.0,26.0,52.01
2020-05-02T00:00:00Z,US,Miami,temperature,96,17.3,28.7,24.0,112.02
2020-05-09T00:00:00Z,US,Miami,temperature,96,18.3,30.8,25.5,120.11
2020-05-18T00:00:00Z,US,Miami,temperature,91,20.5,31.2,23.1,99.11
2020-07-05T00:00:00Z,US,Miami,temperature,96,23.3,34.7,26.2,109.85
2020-04-01T00:00:00Z,US,Miami,temperature,96,18.3,31.0,23.0,77.74
2020-04-03T00:00:00Z,US,Miami,temperature,96,16.8,28.8,23.0,112.55
2020-04-09T00:00:00Z,US,Miami,temperature,96,21.2,34.0,26.1,151.51
2020-05-03T00:00:00Z,US,Miami,temperature,96,17.2,28.8,24.0,93.91
2020-05-26T00:00:00Z,US,Miami,temperature,96,21.6,31.2,23.3,80.21
2020-05-28T00:00:00Z,US,Miami,temperature,92,23.6,32.7,27.7,49.32
2020-05-29T00:00:00Z,US,Miami,temperature,95,24.1,31.6,27.9,33.08
2020-06-20T00:00:00Z,US,Miami,temperature,96,23.0,32.7,27.7,66.99
2020-03-30T00:00:00Z,US,Miami,temperature,69,20.2,31.0,24.0,61.35
2020-07-03T00:00:00Z,US,Miami,temperature,96,24.4,35.9,29.4,81.21
2020-07-02T00:00:00Z,US,Miami,temperature,96,23.7,35.9,28.6,121.58
2020-04-07T00:00:00Z,US,Miami,temperature,96,21.2,30.0,25.4,49.68
2020-04-22T00:00:00Z,US,Miami,temperature,96,18.3,32.0,25.9,145.18
2020-04-27T00:00:00Z,US,Miami,temperature,96,18.3,31.0,23.0,87.11
2020-05-25T00:00:00Z,US,Miami,temperature,96,21.8,26.0,23.8,7.45
2020-06-13T00:00:00Z,US,Miami,temperature,96,22.7,31.3,27.9,48.00
2020-06-22T00:00:00Z,US,Miami,temperature,96,24.4,33.6,28.1,69.58
2020-04-06T00:00:00Z,US,Miami,temperature,96,20.5,30.0,23.8,50.59
2020-04-10T00:00:00Z,US,Miami,temperature,96,22.7,34.0,26.0,140.70
2020-04-16T00:00:00Z,US,Miami,temperature,96,21.9,33.8,26.0,86.72
2020-05-17T00:00:00Z,US,Miami,temperature,96,21.3,34.0,25.5,91.92
2020-05-27T00:00:00Z,US,Miami,temperature,96,21.8,32.3,26.1,62.82
2020-06-03T00:00:00Z,US,Miami,temperature,96,21.8,30.0,25.2,27.26
2020-06-06T00:00:00Z,US,Miami,temperature,96,26.5,31.8,28.0,15.58
2020-06-10T00:00:00Z,US,Miami,temperature,96,23.4,33.0,28.8,61.42
2020-04-02T00:00:00Z,US,Miami,temperature,96,16.2,28.1,22.0,106.32
2020-06-19T00:00:00Z,US,Miami,temperature,95,21.5,33.0,26.3,92.13
2020-04-21T00:00:00Z,US,Miami,temperature,96,21.2,34.0,27.0,116.63
2020-06-04T00:00:00Z,US,Miami,temperature,96,21.8,29.0,25.0,25.57
2020-05-31T00:00:00Z,US,Miami,temperature,96,23.3,32.7,27.5,70.83
2020-05-23T00:00:00Z,US,Miami,temperature,96,24.0,30.2,27.0,26.38
2020-05-30T00:00:00Z,US,Miami,temperature,96,24.1,31.8,27.5,41.28
2020-04-12T00:00:00Z,US,Miami,temperature,96,23.8,31.0,27.0,30.56
2020-04-15T00:00:00Z,US,Miami,temperature,96,23.7,34.0,27.5,99.54
2020-04-25T00:00:00Z,US,Miami,temperature,96,21.2,33.0,27.0,72.78
2020-05-01T00:00:00Z,US,Miami,temperature,96,15.4,28.6,23.0,140.66
2020-05-11T00:00:00Z,US,Miami,temperature,96,20.0,29.1,24.5,76.40
2020-06-02T00:00:00Z,US,Miami,temperature,96,23.1,31.2,26.2,39.42
2020-06-07T00:00:00Z,US,Miami,temperature,96,26.6,32.9,28.0,30.29
2020-06-29T00:00:00Z,US,Miami,temperature,96,23.8,34.5,29.0,74.59
2020-04-04T00:00:00Z,US,Miami,temperature,96,18.6,30.0,24.0,82.53
2020-04-20T00:00:00Z,US,Miami,temperature,96,24.0,36.0,28.0,98.86
2020-05-06T00:00:00Z,US,Miami,temperature,96,21.1,33.7,26.0,128.54
2020-05-07T00:00:00Z,US,Miami,temperature,96,17.6,30.0,23.0,100.77
2020-05-22T00:00:00Z,US,Miami,temperature,96,22.7,31.1,27.0,50.22
2020-06-01T00:00:00Z,US,Miami,temperature,96,23.1,32.5,28.0,71.69
2020-06-09T00:00:00Z,US,Miami,temperature,96,25.0,34.1,28.1,63.63
2020-06-17T00:00:00Z,US,Miami,temperature,96,22.6,30.4,26.0,36.51
2020-04-11T00:00:00Z,US,Miami,temperature,96,23.1,29.0,25.0,24.79
2020-06-18T00:00:00Z,US,Miami,temperature,96,22.7,32.3,25.4,54.94
2020-07-01T00:00:00Z,US,Miami,temperature,96,25.0,35.6,28.0,117.90
2020-06-11T00:00:00Z,US,Miami,temperature,96,24.1,31.0,27.0,34.46
2020-04-14T00:00:00Z,US,Miami,temperature,95,23.4,33.1,27.0,82.75
2020-05-05T00:00:00Z,US,Miami,temperature,95,19.5,32.9,25.9,134.87
2020-05-08T00:00:00Z,US,Miami,temperature,96,15.4,29.1,24.0,109.47
2020-05-21T00:00:00Z,US,Miami,temperature,96,22.2,33.0,26.8,68.36
2020-06-05T00:00:00Z,US,Miami,temperature,96,22.9,31.1,27.6,37.87
2020-06-15T00:00:00Z,US,Miami,temperature,96,22.6,32.7,25.0,80.22
2020-06-16T00:00:00Z,US,Miami,temperature,96,22.2,31.2,26.8,71.11
2020-04-05T00:00:00Z,US,Miami,temperature,96,20.1,29.3,24.0,65.40
2020-05-15T00:00:00Z,US,Miami,temperature,96,21.9,27.0,23.1,13.97
2020-06-24T00:00:00Z,US,Miami,temperature,96,25.4,35.1,29.7,74.97
2020-06-26T00:00:00Z,US,Miami,temperature,96,26.1,34.0,29.1,44.96
2020-06-30T00:00:00Z,US,Miami,temperature,96,24.1,36.0,29.5,117.04
2020-04-17T00:00:00Z,US,Miami,temperature,95,23.3,31.0,26.6,34.06
2020-07-02T00:00:00Z,US,Miami,pm10,71,15.0,51.0,25.0,1236.99
2020-04-29T00:00:00Z,US,Miami,pm10,69,11.0,25.0,17.0,113.26
2020-05-01T00:00:00Z,US,Miami,pm10,71,9.0,21.0,12.0,82.45
2020-05-13T00:00:00Z,US,Miami,pm10,71,13.0,38.0,20.0,272.54
2020-05-19T00:00:00Z,US,Miami,pm10,71,9.0,34.0,18.0,488.28
2020-05-29T00:00:00Z,US,Miami,pm10,69,10.0,23.0,12.0,143.20
2020-04-27T00:00:00Z,US,Miami,pm10,71,13.0,37.0,19.0,206.35
2020-05-26T00:00:00Z,US,Miami,pm10,71,5.0,41.0,17.0,665.25
2020-06-05T00:00:00Z,US,Miami,pm10,71,15.0,28.0,21.0,94.27
2020-06-20T00:00:00Z,US,Miami,pm10,71,11.0,23.0,13.0,60.78
2020-06-11T00:00:00Z,US,Miami,pm10,70,10.0,26.0,13.0,87.13
2020-07-05T00:00:00Z,US,Miami,pm10,71,10.0,110.0,22.0,9601.90
2020-04-04T00:00:00Z,US,Miami,pm10,69,10.0,63.0,13.0,897.82
2020-04-22T00:00:00Z,US,Miami,pm10,71,10.0,30.0,15.0,167.50
2020-05-08T00:00:00Z,US,Miami,pm10,71,10.0,30.0,14.0,183.90
2020-05-11T00:00:00Z,US,Miami,pm10,70,9.0,27.0,12.0,96.32
2020-06-08T00:00:00Z,US,Miami,pm10,71,17.0,22.0,19.0,20.21
2020-06-14T00:00:00Z,US,Miami,pm10,71,7.0,12.0,9.0,14.03
2020-04-06T00:00:00Z,US,Miami,pm10,71,8.0,33.0,11.0,280.55
2020-04-14T00:00:00Z,US,Miami,pm10,71,20.0,29.0,25.0,53.42
2020-05-28T00:00:00Z,US,Miami,pm10,71,14.0,25.0,17.0,73.60
2020-06-01T00:00:00Z,US,Miami,pm10,48,10.0,17.0,11.0,28.49
2020-06-03T00:00:00Z,US,Miami,pm10,71,8.0,31.0,14.0,186.73
2020-04-18T00:00:00Z,US,Miami,pm10,48,9.0,23.0,13.0,173.17
2020-04-20T00:00:00Z,US,Miami,pm10,71,12.0,46.0,15.0,628.96
2020-04-30T00:00:00Z,US,Miami,pm10,71,7.0,25.0,14.0,126.55
2020-05-20T00:00:00Z,US,Miami,pm10,71,11.0,34.0,26.0,181.85
2020-06-18T00:00:00Z,US,Miami,pm10,71,7.0,17.0,9.0,49.63
2020-06-07T00:00:00Z,US,Miami,pm10,71,18.0,25.0,22.0,20.57
2020-04-21T00:00:00Z,US,Miami,pm10,71,14.0,35.0,20.0,306.50
2020-04-25T00:00:00Z,US,Miami,pm10,71,13.0,25.0,18.0,67.39
2020-05-02T00:00:00Z,US,Miami,pm10,71,10.0,22.0,13.0,110.05
2020-05-10T00:00:00Z,US,Miami,pm10,71,10.0,25.0,16.0,91.17
2020-05-15T00:00:00Z,US,Miami,pm10,71,7.0,31.0,13.0,408.40
2020-05-07T00:00:00Z,US,Miami,pm10,69,10.0,43.0,19.0,709.56
2020-05-23T00:00:00Z,US,Miami,pm10,71,12.0,21.0,14.0,61.77
2020-04-01T00:00:00Z,US,Miami,pm10,69,13.0,39.0,18.0,348.80
2020-04-03T00:00:00Z,US,Miami,pm10,69,9.0,57.0,14.0,1000.14
2020-04-07T00:00:00Z,US,Miami,pm10,71,9.0,23.0,11.0,125.23
2020-04-08T00:00:00Z,US,Miami,pm10,70,8.0,33.0,13.0,222.11
2020-04-19T00:00:00Z,US,Miami,pm10,48,10.0,19.0,15.0,60.83
2020-05-09T00:00:00Z,US,Miami,pm10,71,13.0,39.0,17.0,276.31
2020-05-12T00:00:00Z,US,Miami,pm10,70,11.0,38.0,16.0,309.37
2020-05-21T00:00:00Z,US,Miami,pm10,71,17.0,53.0,27.0,1031.98
2020-05-27T00:00:00Z,US,Miami,pm10,71,10.0,34.0,23.0,366.27
2020-06-21T00:00:00Z,US,Miami,pm10,71,9.0,12.0,10.0,8.21
2020-05-05T00:00:00Z,US,Miami,pm10,71,8.0,29.0,11.0,144.48
2020-05-30T00:00:00Z,US,Miami,pm10,71,15.0,24.0,18.0,31.04
2020-06-02T00:00:00Z,US,Miami,pm10,62,10.0,22.0,13.0,80.24
2020-07-03T00:00:00Z,US,Miami,pm10,69,11.0,41.0,24.0,861.98
2020-06-09T00:00:00Z,US,Miami,pm10,67,11.0,20.0,14.0,40.97
2020-06-13T00:00:00Z,US,Miami,pm10,71,9.0,62.0,13.0,1578.74
2020-06-19T00:00:00Z,US,Miami,pm10,71,7.0,20.0,13.0,91.55
2020-04-02T00:00:00Z,US,Miami,pm10,69,9.0,36.0,14.0,257.20
2020-04-09T00:00:00Z,US,Miami,pm10,71,7.0,33.0,16.0,413.61
2020-05-03T00:00:00Z,US,Miami,pm10,71,8.0,19.0,10.0,28.85
2020-05-04T00:00:00Z,US,Miami,pm10,71,8.0,26.0,11.0,186.99
2020-05-31T00:00:00Z,US,Miami,pm10,50,12.0,18.0,14.0,27.06
2020-06-24T00:00:00Z,US,Miami,pm10,71,22.0,54.0,30.0,536.83
2020-07-01T00:00:00Z,US,Miami,pm10,69,14.0,61.0,35.0,2177.51
2020-04-10T00:00:00Z,US,Miami,pm10,69,12.0,44.0,24.0,655.71
2020-04-11T00:00:00Z,US,Miami,pm10,71,17.0,31.0,21.0,106.66
2020-06-15T00:00:00Z,US,Miami,pm10,71,7.0,17.0,9.0,60.94
2020-06-27T00:00:00Z,US,Miami,pm10,71,10.0,39.0,23.0,904.21
2020-06-30T00:00:00Z,US,Miami,pm10,71,17.0,55.0,44.0,1350.38
2020-06-23T00:00:00Z,US,Miami,pm10,71,11.0,37.0,22.0,742.16
2020-06-26T00:00:00Z,US,Miami,pm10,71,11.0,27.0,19.0,196.55
2020-06-29T00:00:00Z,US,Miami,pm10,71,25.0,49.0,34.0,387.12
2020-04-13T00:00:00Z,US,Miami,pm10,71,25.0,40.0,28.0,172.66
2020-04-26T00:00:00Z,US,Miami,pm10,71,10.0,41.0,15.0,259.93
2020-05-24T00:00:00Z,US,Miami,pm10,71,6.0,17.0,10.0,60.03
2020-05-25T00:00:00Z,US,Miami,pm10,71,7.0,21.0,14.0,86.31
2020-06-10T00:00:00Z,US,Miami,pm10,69,10.0,24.0,17.0,123.67
2020-05-22T00:00:00Z,US,Miami,pm10,69,11.0,26.0,17.0,141.32
2020-07-04T00:00:00Z,US,Miami,pm10,69,11.0,73.0,34.0,1349.54
2020-03-30T00:00:00Z,US,Miami,pm10,69,10.0,23.0,13.0,77.89
2020-04-16T00:00:00Z,US,Miami,pm10,46,9.0,34.0,28.0,619.52
2020-04-28T00:00:00Z,US,Miami,pm10,71,10.0,57.0,12.0,634.60
2020-05-06T00:00:00Z,US,Miami,pm10,71,9.0,30.0,12.0,125.33
2020-05-14T00:00:00Z,US,Miami,pm10,71,14.0,39.0,23.0,188.63
2020-06-06T00:00:00Z,US,Miami,pm10,71,17.0,29.0,22.0,44.50
2020-06-17T00:00:00Z,US,Miami,pm10,71,10.0,37.0,13.0,274.56
2020-06-28T00:00:00Z,US,Miami,pm10,71,15.0,40.0,27.0,432.09
2020-03-31T00:00:00Z,US,Miami,pm10,69,9.0,30.0,16.0,233.52
2020-04-05T00:00:00Z,US,Miami,pm10,71,8.0,26.0,11.0,154.78
2020-04-23T00:00:00Z,US,Miami,pm10,71,10.0,21.0,17.0,90.99
2020-04-24T00:00:00Z,US,Miami,pm10,71,13.0,28.0,21.0,136.71
2020-05-16T00:00:00Z,US,Miami,pm10,71,5.0,14.0,7.0,64.54
2020-05-17T00:00:00Z,US,Miami,pm10,71,7.0,28.0,12.0,249.24
2020-05-18T00:00:00Z,US,Miami,pm10,70,6.0,40.0,19.0,661.14
2020-06-25T00:00:00Z,US,Miami,pm10,69,19.0,57.0,37.0,1406.27
2020-06-16T00:00:00Z,US,Miami,pm10,59,10.0,24.0,13.0,107.25
2020-06-22T00:00:00Z,US,Miami,pm10,71,10.0,22.0,13.0,67.97
2020-04-12T00:00:00Z,US,Miami,pm10,71,18.0,29.0,25.0,66.91
2020-04-15T00:00:00Z,US,Miami,pm10,63,18.0,43.0,26.0,464.69
2020-04-17T00:00:00Z,US,Miami,pm10,58,16.0,30.0,21.0,79.11
2020-06-04T00:00:00Z,US,Miami,pm10,69,11.0,30.0,16.0,122.05
2020-06-12T00:00:00Z,US,Miami,pm10,71,11.0,34.0,15.0,328.42
2020-05-24T00:00:00Z,US,Miami,wind-gust,80,1.0,15.0,7.5,110.48
2020-06-03T00:00:00Z,US,Miami,wind-gust,62,0.5,13.0,4.2,128.62
2020-06-08T00:00:00Z,US,Miami,wind-gust,65,0.2,12.0,3.5,83.96
2020-06-16T00:00:00Z,US,Miami,wind-gust,72,0.2,14.7,6.2,158.53
2020-04-04T00:00:00Z,US,Miami,wind-gust,56,0.2,11.5,5.7,103.86
2020-04-30T00:00:00Z,US,Miami,wind-gust,67,0.2,16.7,6.0,148.85
2020-05-04T00:00:00Z,US,Miami,wind-gust,62,0.2,10.0,4.2,92.94
2020-05-19T00:00:00Z,US,Miami,wind-gust,76,0.5,18.7,6.0,190.04
2020-06-23T00:00:00Z,US,Miami,wind-gust,53,0.2,12.7,5.5,140.56
2020-05-15T00:00:00Z,US,Miami,wind-gust,79,2.0,14.2,9.0,98.35
2020-05-27T00:00:00Z,US,Miami,wind-gust,56,0.2,16.7,5.2,161.31
2020-06-27T00:00:00Z,US,Miami,wind-gust,68,0.2,10.2,6.0,88.97
2020-06-04T00:00:00Z,US,Miami,wind-gust,60,0.2,14.7,6.7,181.82
2020-04-08T00:00:00Z,US,Miami,wind-gust,63,0.7,12.2,6.2,68.25
2020-04-20T00:00:00Z,US,Miami,wind-gust,83,1.0,24.5,10.2,331.80
2020-04-29T00:00:00Z,US,Miami,wind-gust,74,0.2,14.0,9.2,168.41
2020-05-25T00:00:00Z,US,Miami,wind-gust,79,0.2,17.0,9.0,216.17
2020-05-14T00:00:00Z,US,Miami,wind-gust,90,4.2,15.7,12.5,41.57
2020-05-17T00:00:00Z,US,Miami,wind-gust,64,0.3,13.7,3.7,123.34
2020-06-13T00:00:00Z,US,Miami,wind-gust,69,0.2,10.2,6.7,84.77
2020-06-25T00:00:00Z,US,Miami,wind-gust,64,0.2,10.0,6.5,64.07
2020-04-05T00:00:00Z,US,Miami,wind-gust,62,0.5,11.2,3.7,59.40
2020-04-09T00:00:00Z,US,Miami,wind-gust,79,1.3,14.2,8.5,117.48
2020-04-15T00:00:00Z,US,Miami,wind-gust,67,0.6,18.5,8.7,233.75
2020-05-07T00:00:00Z,US,Miami,wind-gust,80,0.7,20.7,9.5,183.30
2020-06-15T00:00:00Z,US,Miami,wind-gust,57,0.2,15.2,6.0,160.33
2020-06-18T00:00:00Z,US,Miami,wind-gust,62,0.2,11.6,3.5,79.16
2020-03-31T00:00:00Z,US,Miami,wind-gust,71,0.2,15.0,8.7,182.93
2020-04-01T00:00:00Z,US,Miami,wind-gust,74,0.2,17.2,9.0,165.89
2020-05-30T00:00:00Z,US,Miami,wind-gust,69,0.2,12.7,7.5,122.07
2020-06-06T00:00:00Z,US,Miami,wind-gust,84,3.2,15.2,9.2,93.51
2020-04-19T00:00:00Z,US,Miami,wind-gust,56,0.2,19.0,9.0,237.64
2020-05-28T00:00:00Z,US,Miami,wind-gust,56,0.5,12.0,7.2,97.94
2020-05-29T00:00:00Z,US,Miami,wind-gust,70,0.2,13.7,8.7,135.29
2020-06-24T00:00:00Z,US,Miami,wind-gust,56,0.2,12.0,4.7,114.83
2020-06-29T00:00:00Z,US,Miami,wind-gust,54,0.2,11.2,3.5,94.19
2020-04-11T00:00:00Z,US,Miami,wind-gust,73,2.0,13.5,6.7,85.82
2020-04-12T00:00:00Z,US,Miami,wind-gust,86,2.0,17.7,11.7,119.24
2020-05-11T00:00:00Z,US,Miami,wind-gust,78,0.5,18.2,9.5,252.21
2020-06-05T00:00:00Z,US,Miami,wind-gust,68,0.2,13.5,7.7,136.93
2020-04-26T00:00:00Z,US,Miami,wind-gust,61,0.2,19.0,3.7,194.30
2020-05-02T00:00:00Z,US,Miami,wind-gust,67,0.2,11.0,6.5,91.57
2020-05-12T00:00:00Z,US,Miami,wind-gust,82,0.2,20.2,10.8,185.85
2020-05-13T00:00:00Z,US,Miami,wind-gust,90,5.5,18.2,12.3,95.44
2020-04-06T00:00:00Z,US,Miami,wind-gust,67,0.5,14.5,7.2,128.59
2020-04-07T00:00:00Z,US,Miami,wind-gust,68,0.2,11.2,6.5,103.12
2020-04-23T00:00:00Z,US,Miami,wind-gust,83,0.2,18.2,11.0,167.77
2020-04-25T00:00:00Z,US,Miami,wind-gust,68,0.2,14.0,5.6,135.40
2020-06-01T00:00:00Z,US,Miami,wind-gust,57,1.0,11.7,6.0,80.14
2020-06-02T00:00:00Z,US,Miami,wind-gust,68,0.2,15.2,8.5,190.43
2020-06-19T00:00:00Z,US,Miami,wind-gust,63,0.2,19.2,5.5,164.54
2020-07-03T00:00:00Z,US,Miami,wind-gust,67,0.5,14.2,3.5,133.92
2020-06-11T00:00:00Z,US,Miami,wind-gust,69,0.2,12.6,6.7,115.05
2020-06-20T00:00:00Z,US,Miami,wind-gust,56,0.2,11.2,4.2,103.67
2020-06-22T00:00:00Z,US,Miami,wind-gust,51,0.2,10.7,6.2,114.31
2020-07-01T00:00:00Z,US,Miami,wind-gust,63,0.2,15.0,5.2,170.65
2020-04-14T00:00:00Z,US,Miami,wind-gust,65,0.2,16.2,8.5,178.38
2020-04-18T00:00:00Z,US,Miami,wind-gust,49,0.2,14.2,5.3,174.10
2020-04-22T00:00:00Z,US,Miami,wind-gust,77,1.7,13.7,7.2,73.32
2020-06-07T00:00:00Z,US,Miami,wind-gust,82,1.5,13.2,8.2,82.49
2020-04-10T00:00:00Z,US,Miami,wind-gust,78,1.3,16.5,8.7,140.34
2020-04-16T00:00:00Z,US,Miami,wind-gust,61,0.2,19.3,9.0,225.59
2020-05-01T00:00:00Z,US,Miami,wind-gust,62,0.5,14.0,7.0,101.26
2020-07-02T00:00:00Z,US,Miami,wind-gust,51,0.2,15.5,5.0,178.30
2020-05-16T00:00:00Z,US,Miami,wind-gust,70,0.2,13.5,5.2,134.54
2020-03-30T00:00:00Z,US,Miami,wind-gust,29,0.2,9.0,3.2,65.79
2020-04-21T00:00:00Z,US,Miami,wind-gust,75,0.2,13.5,5.5,129.91
2020-04-28T00:00:00Z,US,Miami,wind-gust,76,0.2,12.0,8.2,99.43
2020-05-23T00:00:00Z,US,Miami,wind-gust,75,0.7,13.2,6.2,106.49
2020-05-05T00:00:00Z,US,Miami,wind-gust,56,0.2,14.0,6.7,156.01
2020-05-09T00:00:00Z,US,Miami,wind-gust,67,0.2,11.5,4.7,114.69
2020-06-10T00:00:00Z,US,Miami,wind-gust,58,0.2,9.6,5.2,72.74
2020-06-30T00:00:00Z,US,Miami,wind-gust,56,0.2,12.2,5.0,116.79
2020-04-02T00:00:00Z,US,Miami,wind-gust,68,0.2,11.0,5.7,85.50
2020-04-03T00:00:00Z,US,Miami,wind-gust,53,0.2,9.6,5.0,90.76
2020-04-13T00:00:00Z,US,Miami,wind-gust,84,0.2,20.7,10.3,216.61
2020-05-03T00:00:00Z,US,Miami,wind-gust,60,0.2,8.5,5.5,54.53
2020-07-05T00:00:00Z,US,Miami,wind-gust,48,0.2,13.2,4.0,120.46
2020-05-31T00:00:00Z,US,Miami,wind-gust,54,0.2,10.2,6.5,88.12
2020-06-12T00:00:00Z,US,Miami,wind-gust,65,0.2,10.7,6.7,90.68
2020-06-14T00:00:00Z,US,Miami,wind-gust,62,0.2,11.5,5.7,96.00
2020-04-27T00:00:00Z,US,Miami,wind-gust,74,0.5,18.0,8.2,164.46
2020-05-06T00:00:00Z,US,Miami,wind-gust,71,0.2,13.5,6.7,132.16
2020-05-10T00:00:00Z,US,Miami,wind-gust,72,0.2,9.7,3.2,37.22
2020-05-18T00:00:00Z,US,Miami,wind-gust,56,0.5,12.7,4.7,87.61
2020-06-09T00:00:00Z,US,Miami,wind-gust,56,0.5,10.5,5.7,45.45
2020-06-17T00:00:00Z,US,Miami,wind-gust,60,0.2,12.0,6.2,81.43
2020-06-21T00:00:00Z,US,Miami,wind-gust,46,0.3,9.5,4.7,70.75
2020-04-17T00:00:00Z,US,Miami,wind-gust,71,0.2,12.6,8.0,97.02
2020-05-08T00:00:00Z,US,Miami,wind-gust,69,0.2,13.3,7.0,136.25
2020-05-20T00:00:00Z,US,Miami,wind-gust,67,0.2,10.5,3.2,68.87
2020-05-22T00:00:00Z,US,Miami,wind-gust,70,0.5,12.7,7.2,130.90
2020-06-28T00:00:00Z,US,Miami,wind-gust,65,0.2,10.2,5.5,74.14
2020-07-04T00:00:00Z,US,Miami,wind-gust,66,0.2,14.2,3.7,118.18
2020-04-24T00:00:00Z,US,Miami,wind-gust,84,1.7,17.2,9.7,126.24
2020-05-21T00:00:00Z,US,Miami,wind-gust,64,0.2,11.2,4.0,98.35
2020-05-26T00:00:00Z,US,Miami,wind-gust,72,0.5,19.2,7.0,185.86
2020-06-26T00:00:00Z,US,Miami,wind-gust,75,0.2,11.7,7.2,99.93
2020-04-03T00:00:00Z,US,Miami,pressure,96,1012.7,1016.8,1014.5,9.55
2020-05-01T00:00:00Z,US,Miami,pressure,96,1013.9,1018.9,1016.8,17.04
2020-05-24T00:00:00Z,US,Miami,pressure,96,1012.0,1016.9,1014.3,12.99
2020-05-28T00:00:00Z,US,Miami,pressure,92,1014.8,1019.0,1017.2,10.28
2020-05-27T00:00:00Z,US,Miami,pressure,96,1012.5,1017.2,1014.8,15.53
2020-05-29T00:00:00Z,US,Miami,pressure,95,1014.9,1018.4,1017.0,6.84
2020-06-13T00:00:00Z,US,Miami,pressure,96,1012.3,1015.4,1013.8,6.25
2020-07-04T00:00:00Z,US,Miami,pressure,96,1011.9,1015.2,1013.8,6.80
2020-04-23T00:00:00Z,US,Miami,pressure,96,1012.6,1017.1,1014.6,15.37
2020-04-27T00:00:00Z,US,Miami,pressure,96,1016.2,1020.6,1018.9,11.63
2020-04-28T00:00:00Z,US,Miami,pressure,96,1017.8,1021.9,1019.6,8.09
2020-04-30T00:00:00Z,US,Miami,pressure,96,1011.0,1014.9,1013.5,9.49
2020-06-11T00:00:00Z,US,Miami,pressure,96,1015.3,1019.2,1017.5,8.66
2020-06-15T00:00:00Z,US,Miami,pressure,96,1014.6,1017.6,1016.1,6.87
2020-04-18T00:00:00Z,US,Miami,pressure,95,1014.4,1018.2,1016.7,6.96
2020-05-02T00:00:00Z,US,Miami,pressure,96,1017.4,1021.2,1019.7,9.04
2020-05-17T00:00:00Z,US,Miami,pressure,96,1011.3,1015.2,1013.2,9.77
2020-05-23T00:00:00Z,US,Miami,pressure,96,1014.8,1018.5,1016.5,7.77
2020-05-15T00:00:00Z,US,Miami,pressure,96,1009.8,1016.4,1013.4,30.17
2020-05-19T00:00:00Z,US,Miami,pressure,96,1009.4,1014.2,1012.5,10.59
2020-06-02T00:00:00Z,US,Miami,pressure,96,1016.1,1019.5,1017.5,6.91
2020-06-20T00:00:00Z,US,Miami,pressure,96,1015.3,1018.7,1016.9,6.42
2020-04-20T00:00:00Z,US,Miami,pressure,96,1008.8,1012.8,1010.6,10.85
2020-05-07T00:00:00Z,US,Miami,pressure,96,1012.5,1018.7,1016.1,28.65
2020-05-10T00:00:00Z,US,Miami,pressure,96,1015.8,1019.2,1017.2,7.63
2020-05-11T00:00:00Z,US,Miami,pressure,96,1014.1,1019.0,1016.3,15.38
2020-05-20T00:00:00Z,US,Miami,pressure,96,1011.3,1015.9,1013.7,13.82
2020-05-21T00:00:00Z,US,Miami,pressure,96,1013.7,1018.6,1016.2,15.14
2020-06-10T00:00:00Z,US,Miami,pressure,96,1014.2,1018.3,1016.2,9.66
2020-06-22T00:00:00Z,US,Miami,pressure,96,1016.9,1019.8,1018.4,5.28
2020-04-06T00:00:00Z,US,Miami,pressure,96,1013.7,1018.3,1016.0,13.24
2020-04-13T00:00:00Z,US,Miami,pressure,96,1015.6,1019.2,1017.2,9.30
2020-05-04T00:00:00Z,US,Miami,pressure,96,1013.8,1017.4,1015.7,7.61
2020-05-13T00:00:00Z,US,Miami,pressure,96,1018.6,1022.0,1019.9,6.32
2020-05-18T00:00:00Z,US,Miami,pressure,91,1012.5,1016.2,1014.3,6.79
2020-06-01T00:00:00Z,US,Miami,pressure,96,1015.1,1019.1,1017.3,9.83
2020-06-05T00:00:00Z,US,Miami,pressure,96,1014.4,1018.0,1015.9,6.63
2020-06-06T00:00:00Z,US,Miami,pressure,96,1013.4,1016.9,1014.8,6.42
2020-06-21T00:00:00Z,US,Miami,pressure,96,1015.7,1018.9,1017.6,6.32
2020-06-26T00:00:00Z,US,Miami,pressure,96,1019.1,1022.5,1020.4,5.93
2020-04-10T00:00:00Z,US,Miami,pressure,96,1008.4,1013.2,1010.6,18.43
2020-04-16T00:00:00Z,US,Miami,pressure,96,1013.9,1020.7,1016.7,33.85
2020-04-26T00:00:00Z,US,Miami,pressure,96,1014.7,1019.9,1017.0,11.60
2020-05-14T00:00:00Z,US,Miami,pressure,96,1015.2,1021.0,1018.2,20.04
2020-06-23T00:00:00Z,US,Miami,pressure,96,1014.1,1018.2,1016.9,10.05
2020-04-02T00:00:00Z,US,Miami,pressure,96,1012.1,1016.2,1014.1,11.46
2020-04-12T00:00:00Z,US,Miami,pressure,96,1015.0,1018.9,1016.9,8.30
2020-05-16T00:00:00Z,US,Miami,pressure,96,1008.4,1013.5,1010.8,16.68
2020-05-30T00:00:00Z,US,Miami,pressure,96,1013.9,1017.7,1016.2,8.34
2020-07-02T00:00:00Z,US,Miami,pressure,96,1012.7,1016.2,1014.7,5.07
2020-04-11T00:00:00Z,US,Miami,pressure,96,1012.0,1018.0,1015.5,22.82
2020-04-24T00:00:00Z,US,Miami,pressure,96,1010.6,1015.2,1012.8,10.32
2020-04-29T00:00:00Z,US,Miami,pressure,96,1013.6,1018.9,1016.2,19.21
2020-06-18T00:00:00Z,US,Miami,pressure,96,1014.8,1017.6,1016.3,4.34
2020-06-28T00:00:00Z,US,Miami,pressure,96,1015.5,1018.7,1016.9,5.71
2020-07-03T00:00:00Z,US,Miami,pressure,96,1011.7,1015.9,1013.9,10.13
2020-04-14T00:00:00Z,US,Miami,pressure,95,1014.4,1018.7,1016.9,12.47
2020-05-03T00:00:00Z,US,Miami,pressure,96,1016.0,1020.6,1018.0,16.31
2020-05-26T00:00:00Z,US,Miami,pressure,96,1009.7,1014.8,1011.9,14.60
2020-06-07T00:00:00Z,US,Miami,pressure,96,1012.9,1015.6,1014.4,5.15
2020-05-09T00:00:00Z,US,Miami,pressure,96,1015.2,1019.0,1016.9,7.79
2020-05-12T00:00:00Z,US,Miami,pressure,96,1016.5,1021.4,1019.6,17.15
2020-06-16T00:00:00Z,US,Miami,pressure,96,1015.5,1018.6,1017.0,5.11
2020-06-27T00:00:00Z,US,Miami,pressure,96,1017.0,1020.4,1018.6,6.83
2020-03-30T00:00:00Z,US,Miami,pressure,69,1014.7,1021.3,1018.9,37.07
2020-04-01T00:00:00Z,US,Miami,pressure,96,1006.1,1013.4,1009.2,36.01
2020-04-04T00:00:00Z,US,Miami,pressure,96,1011.7,1015.5,1014.0,9.56
2020-04-21T00:00:00Z,US,Miami,pressure,96,1010.3,1015.9,1012.9,22.28
2020-06-24T00:00:00Z,US,Miami,pressure,96,1015.3,1018.2,1016.7,5.90
2020-06-25T00:00:00Z,US,Miami,pressure,96,1016.7,1021.8,1019.3,15.18
2020-04-22T00:00:00Z,US,Miami,pressure,96,1014.0,1017.8,1015.9,9.99
2020-05-05T00:00:00Z,US,Miami,pressure,95,1012.3,1016.5,1014.6,10.66
2020-06-14T00:00:00Z,US,Miami,pressure,96,1013.5,1017.3,1015.5,9.17
2020-06-17T00:00:00Z,US,Miami,pressure,96,1016.0,1018.8,1017.2,3.85
2020-06-09T00:00:00Z,US,Miami,pressure,96,1013.1,1016.8,1015.0,7.68
2020-06-12T00:00:00Z,US,Miami,pressure,96,1013.5,1017.7,1015.7,11.70
2020-06-29T00:00:00Z,US,Miami,pressure,96,1015.2,1018.3,1016.5,5.26
2020-04-25T00:00:00Z,US,Miami,pressure,96,1012.7,1016.5,1014.5,10.47
2020-05-22T00:00:00Z,US,Miami,pressure,96,1015.8,1018.6,1017.3,4.18
2020-05-31T00:00:00Z,US,Miami,pressure,96,1014.2,1017.6,1016.1,8.91
2020-06-08T00:00:00Z,US,Miami,pressure,96,1013.0,1017.2,1015.0,9.84
2020-05-06T00:00:00Z,US,Miami,pressure,96,1009.8,1015.5,1013.8,21.67
2020-05-08T00:00:00Z,US,Miami,pressure,96,1014.5,1019.1,1017.5,13.16
2020-04-07T00:00:00Z,US,Miami,pressure,96,1015.0,1019.8,1016.9,12.13
2020-04-09T00:00:00Z,US,Miami,pressure,96,1008.7,1013.8,1011.1,18.61
2020-04-15T00:00:00Z,US,Miami,pressure,96,1010.9,1016.2,1014.8,21.77
2020-04-19T00:00:00Z,US,Miami,pressure,96,1011.2,1016.3,1013.8,27.62
2020-06-03T00:00:00Z,US,Miami,pressure,96,1013.8,1018.1,1015.6,8.91
2020-07-05T00:00:00Z,US,Miami,pressure,96,1013.1,1017.6,1015.3,13.07
2020-03-31T00:00:00Z,US,Miami,pressure,96,1007.9,1015.2,1010.7,58.22
2020-04-05T00:00:00Z,US,Miami,pressure,96,1011.9,1016.9,1014.4,15.07
2020-04-17T00:00:00Z,US,Miami,pressure,95,1016.4,1020.9,1018.3,11.82
2020-05-25T00:00:00Z,US,Miami,pressure,96,1009.6,1013.6,1011.2,6.51
2020-07-01T00:00:00Z,US,Miami,pressure,96,1013.0,1016.6,1015.2,8.48
2020-04-08T00:00:00Z,US,Miami,pressure,96,1011.4,1016.0,1014.0,14.38
2020-06-04T00:00:00Z,US,Miami,pressure,96,1013.3,1017.5,1015.2,9.14
2020-06-19T00:00:00Z,US,Miami,pressure,95,1014.6,1018.8,1016.8,8.99
2020-06-30T00:00:00Z,US,Miami,pressure,96,1013.5,1017.2,1015.5,8.82
2020-04-21T00:00:00Z,US,Miami,wind-speed,69,0.2,5.5,2.6,19.80
2020-04-22T00:00:00Z,US,Miami,wind-speed,87,0.2,6.7,2.0,33.03
2020-04-24T00:00:00Z,US,Miami,wind-speed,90,0.2,8.2,4.2,46.65
2020-05-15T00:00:00Z,US,Miami,wind-speed,90,0.2,6.6,2.2,22.31
2020-05-18T00:00:00Z,US,Miami,wind-speed,54,0.2,6.1,1.2,20.29
2020-05-19T00:00:00Z,US,Miami,wind-speed,78,0.2,7.5,2.4,43.17
2020-06-04T00:00:00Z,US,Miami,wind-speed,60,0.2,7.7,2.5,31.33
2020-03-31T00:00:00Z,US,Miami,wind-speed,70,0.2,7.2,3.7,35.78
2020-06-06T00:00:00Z,US,Miami,wind-speed,95,0.2,6.6,3.7,40.05
2020-06-08T00:00:00Z,US,Miami,wind-speed,58,0.2,6.2,2.0,18.63
2020-06-30T00:00:00Z,US,Miami,wind-speed,56,0.2,6.0,1.7,29.72
2020-04-08T00:00:00Z,US,Miami,wind-speed,66,0.2,6.6,2.0,27.69
2020-04-11T00:00:00Z,US,Miami,wind-speed,86,0.2,6.6,2.5,32.84
2020-04-13T00:00:00Z,US,Miami,wind-speed,88,0.5,9.5,4.7,51.89
2020-05-05T00:00:00Z,US,Miami,wind-speed,60,0.2,7.5,2.5,33.04
2020-05-08T00:00:00Z,US,Miami,wind-speed,68,0.2,6.1,2.0,22.22
2020-05-10T00:00:00Z,US,Miami,wind-speed,57,0.2,5.1,1.2,18.06
2020-04-05T00:00:00Z,US,Miami,wind-speed,56,0.2,5.6,1.5,23.77
2020-05-14T00:00:00Z,US,Miami,wind-speed,96,0.7,10.5,4.2,35.75
2020-05-23T00:00:00Z,US,Miami,wind-speed,83,0.2,7.9,2.5,48.67
2020-05-26T00:00:00Z,US,Miami,wind-speed,74,0.2,8.2,2.0,44.07
2020-07-04T00:00:00Z,US,Miami,wind-speed,58,0.2,6.5,1.5,32.07
2020-03-30T00:00:00Z,US,Miami,wind-speed,38,0.2,5.6,2.5,27.39
2020-04-29T00:00:00Z,US,Miami,wind-speed,81,0.2,7.2,3.7,34.14
2020-05-16T00:00:00Z,US,Miami,wind-speed,69,0.2,6.6,2.5,30.46
2020-06-13T00:00:00Z,US,Miami,wind-speed,78,0.2,7.2,2.2,28.48
2020-06-17T00:00:00Z,US,Miami,wind-speed,69,0.2,6.6,1.7,26.95
2020-06-18T00:00:00Z,US,Miami,wind-speed,61,0.2,6.3,1.7,18.14
2020-05-02T00:00:00Z,US,Miami,wind-speed,66,0.2,6.1,2.0,22.16
2020-04-09T00:00:00Z,US,Miami,wind-speed,82,0.2,7.2,3.2,26.25
2020-05-22T00:00:00Z,US,Miami,wind-speed,79,0.2,8.2,2.7,45.17
2020-06-03T00:00:00Z,US,Miami,wind-speed,57,0.2,6.6,1.5,34.17
2020-06-24T00:00:00Z,US,Miami,wind-speed,60,0.2,6.0,2.0,28.52
2020-06-26T00:00:00Z,US,Miami,wind-speed,76,0.2,7.2,2.5,27.87
2020-06-27T00:00:00Z,US,Miami,wind-speed,67,0.2,5.6,2.7,23.11
2020-04-02T00:00:00Z,US,Miami,wind-speed,70,0.2,6.1,2.0,17.90
2020-04-28T00:00:00Z,US,Miami,wind-speed,78,0.2,8.2,2.5,29.77
2020-05-07T00:00:00Z,US,Miami,wind-speed,90,0.2,9.2,3.5,48.25
2020-05-21T00:00:00Z,US,Miami,wind-speed,64,0.2,5.1,2.0,21.80
2020-06-05T00:00:00Z,US,Miami,wind-speed,73,0.5,8.2,3.5,31.24
2020-06-21T00:00:00Z,US,Miami,wind-speed,41,0.2,4.1,1.7,14.56
2020-04-18T00:00:00Z,US,Miami,wind-speed,50,0.2,6.1,2.3,31.90
2020-06-09T00:00:00Z,US,Miami,wind-speed,74,0.2,5.1,2.0,21.34
2020-06-10T00:00:00Z,US,Miami,wind-speed,63,0.2,5.1,1.7,16.47
2020-06-20T00:00:00Z,US,Miami,wind-speed,55,0.2,5.4,2.0,24.31
2020-05-25T00:00:00Z,US,Miami,wind-speed,74,0.2,7.8,3.0,45.14
2020-04-06T00:00:00Z,US,Miami,wind-speed,74,0.2,8.2,2.5,32.73
2020-04-16T00:00:00Z,US,Miami,wind-speed,71,0.2,10.0,3.6,50.18
2020-04-26T00:00:00Z,US,Miami,wind-speed,53,0.2,7.6,1.7,35.97
2020-05-03T00:00:00Z,US,Miami,wind-speed,62,0.2,5.6,1.5,19.76
2020-05-17T00:00:00Z,US,Miami,wind-speed,52,0.2,10.8,2.0,41.03
2020-05-20T00:00:00Z,US,Miami,wind-speed,62,0.2,5.9,1.5,23.92
2020-05-30T00:00:00Z,US,Miami,wind-speed,75,0.5,6.0,3.0,24.04
2020-04-03T00:00:00Z,US,Miami,wind-speed,58,0.2,6.1,2.0,16.71
2020-05-04T00:00:00Z,US,Miami,wind-speed,50,0.2,6.1,1.7,20.31
2020-05-27T00:00:00Z,US,Miami,wind-speed,58,0.2,6.2,2.5,28.06
2020-06-12T00:00:00Z,US,Miami,wind-speed,75,0.2,7.2,2.2,28.66
2020-06-16T00:00:00Z,US,Miami,wind-speed,76,0.2,7.2,2.3,39.54
2020-06-25T00:00:00Z,US,Miami,wind-speed,76,0.2,6.1,2.0,26.74
2020-07-03T00:00:00Z,US,Miami,wind-speed,56,0.2,6.7,1.5,32.01
2020-04-15T00:00:00Z,US,Miami,wind-speed,73,0.2,9.5,3.6,56.31
2020-04-12T00:00:00Z,US,Miami,wind-speed,92,0.2,9.2,5.0,38.74
2020-04-23T00:00:00Z,US,Miami,wind-speed,87,0.2,8.0,5.1,35.35
2020-04-25T00:00:00Z,US,Miami,wind-speed,68,0.2,6.7,2.2,37.50
2020-05-13T00:00:00Z,US,Miami,wind-speed,96,0.2,10.2,4.5,50.79
2020-04-07T00:00:00Z,US,Miami,wind-speed,75,0.2,6.6,2.7,22.27
2020-04-20T00:00:00Z,US,Miami,wind-speed,83,0.2,12.0,3.6,90.53
2020-04-30T00:00:00Z,US,Miami,wind-speed,66,0.2,7.5,2.2,26.72
2020-05-09T00:00:00Z,US,Miami,wind-speed,64,0.2,6.6,2.0,26.04
2020-06-22T00:00:00Z,US,Miami,wind-speed,57,0.2,6.6,2.0,23.39
2020-06-29T00:00:00Z,US,Miami,wind-speed,52,0.2,5.1,2.0,22.45
2020-07-01T00:00:00Z,US,Miami,wind-speed,57,0.2,7.0,2.0,44.17
2020-04-14T00:00:00Z,US,Miami,wind-speed,75,0.2,7.7,3.0,38.03
2020-04-27T00:00:00Z,US,Miami,wind-speed,86,0.2,8.7,2.5,43.96
2020-05-06T00:00:00Z,US,Miami,wind-speed,75,0.2,6.6,2.5,32.31
2020-05-31T00:00:00Z,US,Miami,wind-speed,64,0.2,5.6,2.2,21.54
2020-06-01T00:00:00Z,US,Miami,wind-speed,59,0.2,7.2,2.0,32.33
2020-06-07T00:00:00Z,US,Miami,wind-speed,91,0.2,7.2,3.0,30.93
2020-06-11T00:00:00Z,US,Miami,wind-speed,72,0.2,7.2,2.2,27.90
2020-06-23T00:00:00Z,US,Miami,wind-speed,57,0.2,6.7,2.3,35.77
2020-04-19T00:00:00Z,US,Miami,wind-speed,59,0.3,9.0,3.6,53.55
2020-04-17T00:00:00Z,US,Miami,wind-speed,85,0.3,7.2,2.6,27.72
2020-05-11T00:00:00Z,US,Miami,wind-speed,80,0.2,10.0,3.6,57.56
2020-05-24T00:00:00Z,US,Miami,wind-speed,89,0.2,8.7,2.3,37.82
2020-05-28T00:00:00Z,US,Miami,wind-speed,68,0.2,6.6,2.7,28.75
2020-05-29T00:00:00Z,US,Miami,wind-speed,75,0.2,6.6,3.7,30.16
2020-06-02T00:00:00Z,US,Miami,wind-speed,74,0.2,7.2,3.0,27.45
2020-06-14T00:00:00Z,US,Miami,wind-speed,64,0.2,4.7,2.0,13.17
2020-04-01T00:00:00Z,US,Miami,wind-speed,81,0.3,8.5,3.6,33.53
2020-06-19T00:00:00Z,US,Miami,wind-speed,64,0.2,9.2,2.5,31.21
2020-06-28T00:00:00Z,US,Miami,wind-speed,72,0.2,5.6,2.2,20.11
2020-07-02T00:00:00Z,US,Miami,wind-speed,48,0.2,7.0,2.0,41.43
2020-07-05T00:00:00Z,US,Miami,wind-speed,44,0.2,5.5,2.0,24.23
2020-06-15T00:00:00Z,US,Miami,wind-speed,52,0.2,7.5,2.0,28.45
2020-04-10T00:00:00Z,US,Miami,wind-speed,86,0.3,7.5,3.5,34.13
2020-05-01T00:00:00Z,US,Miami,wind-speed,70,0.2,6.5,2.0,22.54
2020-05-12T00:00:00Z,US,Miami,wind-speed,85,0.2,8.7,4.2,43.79
2020-04-04T00:00:00Z,US,Miami,wind-speed,56,0.2,6.1,2.0,23.03
